ID,alpha,beta,n_simulation,initial_value,trial_1,trial_2,trial_3,trial_4,trial_5,trial_6,trial_7,trial_8,trial_9,mean,median,mode,Q1,Q3
1129_01_01,1.294,0.886,100.0,200,0.0,0.0,11.0,13.0,0.0,0.0,0.0,0.0,0.0,3.5416666666666665,4.0,4.0,3.0,4.0
1129_01_01,1.294,0.886,100.0,300,0.0,0.0,25.0,11.0,3.0,1.0,1.0,0.0,0.0,3.5853658536585367,3.0,3.0,3.0,4.0
1129_01_01,1.294,0.886,100.0,400,0.0,0.0,23.0,12.0,6.0,2.0,0.0,0.0,0.0,3.697674418604651,3.0,3.0,3.0,4.0
1129_01_01,1.294,0.886,100.0,500,0.0,0.0,22.0,16.0,18.0,5.0,4.0,1.0,0.0,4.333333333333333,4.0,3.0,3.0,5.0
1129_01_01,1.294,0.886,100.0,600,0.0,0.0,25.0,17.0,9.0,4.0,2.0,3.0,0.0,4.166666666666667,4.0,3.0,3.0,5.0
1129_01_01,1.294,0.886,100.0,700,0.0,0.0,23.0,21.0,19.0,10.0,3.0,4.0,0.0,4.5125,4.0,3.0,3.0,5.0
1129_01_02,0.806,0.815,100.0,200,0.0,21.0,40.0,28.0,7.0,3.0,0.0,1.0,0.0,3.35,3.0,3.0,3.0,4.0
1129_01_02,0.806,0.815,100.0,300,0.0,17.0,36.0,26.0,9.0,4.0,5.0,3.0,0.0,3.74,3.0,3.0,3.0,4.0
1129_01_02,0.806,0.815,100.0,400,0.0,23.0,35.0,23.0,14.0,1.0,3.0,1.0,0.0,3.48,3.0,3.0,3.0,4.0
1129_01_02,0.806,0.815,100.0,500,0.0,24.0,33.0,21.0,13.0,3.0,3.0,3.0,0.0,3.59,3.0,3.0,3.0,4.0
1129_01_02,0.806,0.815,100.0,600,0.0,25.0,38.0,17.0,13.0,2.0,0.0,5.0,0.0,3.49,3.0,3.0,2.75,4.0
1129_01_02,0.806,0.815,100.0,700,0.0,24.0,37.0,21.0,7.0,7.0,3.0,1.0,0.0,3.49,3.0,3.0,3.0,4.0
1129_01_05,2.015,1.088,100.0,300,0.0,0.0,0.0,6.0,0.0,0.0,0.0,0.0,0.0,4.0,4.0,4.0,4.0,4.0
1129_01_05,2.015,1.088,100.0,400,0.0,0.0,0.0,23.0,0.0,0.0,0.0,0.0,0.0,4.0,4.0,4.0,4.0,4.0
1129_01_05,2.015,1.088,100.0,500,0.0,0.0,14.0,20.0,0.0,0.0,0.0,0.0,0.0,3.588235294117647,4.0,4.0,3.0,4.0
1129_01_05,2.015,1.088,100.0,600,0.0,0.0,18.0,21.0,2.0,2.0,1.0,1.0,0.0,3.888888888888889,4.0,4.0,3.0,4.0
1129_01_05,2.015,1.088,100.0,700,0.0,0.0,11.0,18.0,3.0,1.0,1.0,0.0,0.0,3.911764705882353,4.0,4.0,3.0,4.0
1129_02_01,0.908,1.082,100.0,200,30.0,40.0,20.0,4.0,2.0,3.0,0.0,1.0,0.0,2.22,2.0,2.0,1.0,3.0
1129_02_01,0.908,1.082,100.0,300,12.0,45.0,22.0,10.0,8.0,2.0,1.0,0.0,0.0,2.67,2.0,2.0,2.0,3.0
1129_02_01,0.908,1.082,100.0,400,22.0,43.0,18.0,12.0,4.0,1.0,0.0,0.0,0.0,2.36,2.0,2.0,2.0,3.0
1129_02_01,0.908,1.082,100.0,500,25.0,31.0,23.0,13.0,2.0,3.0,2.0,1.0,0.0,2.58,2.0,2.0,1.75,3.0
1129_02_01,0.908,1.082,100.0,600,28.0,36.0,19.0,12.0,4.0,1.0,0.0,0.0,0.0,2.31,2.0,2.0,1.0,3.0
1129_02_01,0.908,1.082,100.0,700,21.0,38.0,15.0,13.0,9.0,2.0,1.0,1.0,0.0,2.66,2.0,2.0,2.0,4.0
1129_02_03,0.888,1.609,100.0,200,22.0,17.0,8.0,4.0,3.0,1.0,0.0,1.0,0.0,1.25,1.0,0.0,0.0,2.0
1129_02_03,0.888,1.609,100.0,300,23.0,12.0,5.0,5.0,1.0,1.0,1.0,0.0,0.0,1.0,0.0,0.0,0.0,1.25
1129_02_03,0.888,1.609,100.0,400,44.0,27.0,16.0,5.0,4.0,2.0,1.0,1.0,0.0,2.13,2.0,1.0,1.0,3.0
1129_02_03,0.888,1.609,100.0,500,48.0,30.0,14.0,4.0,1.0,2.0,1.0,0.0,0.0,1.9,2.0,1.0,1.0,2.0
1129_02_03,0.888,1.609,100.0,600,63.0,17.0,10.0,7.0,3.0,0.0,0.0,0.0,0.0,1.7,1.0,1.0,1.0,2.0
1129_02_03,0.888,1.609,100.0,700,53.0,27.0,7.0,5.0,3.0,1.0,2.0,2.0,0.0,1.99,1.0,1.0,1.0,2.0
1130_01_01,0.578,1.291,100.0,200,25.0,9.0,3.0,10.0,2.0,1.0,0.0,0.0,0.0,1.08,0.5,0.0,0.0,1.25
1130_01_01,0.578,1.291,100.0,300,25.0,19.0,7.0,2.0,0.0,2.0,1.0,1.0,0.0,1.19,1.0,0.0,0.0,2.0
1130_01_01,0.578,1.291,100.0,400,48.0,25.0,17.0,5.0,3.0,1.0,0.0,1.0,0.0,1.98,2.0,1.0,1.0,3.0
1130_01_01,0.578,1.291,100.0,500,56.0,23.0,11.0,2.0,3.0,0.0,4.0,1.0,0.0,1.94,1.0,1.0,1.0,2.0
1130_01_01,0.578,1.291,100.0,600,46.0,22.0,19.0,8.0,3.0,1.0,1.0,0.0,0.0,2.07,2.0,1.0,1.0,3.0
1130_01_01,0.578,1.291,100.0,700,56.0,24.0,12.0,5.0,2.0,1.0,0.0,0.0,0.0,1.76,1.0,1.0,1.0,2.0
1130_01_03,1.173,1.018,100.0,200,0.0,29.0,12.0,28.0,17.0,5.0,4.0,5.0,0.0,3.89,4.0,2.0,2.0,5.0
1130_01_03,1.173,1.018,100.0,300,0.0,27.0,27.0,23.0,14.0,3.0,2.0,4.0,0.0,3.61,3.0,2.0,2.0,4.0
1130_01_03,1.173,1.018,100.0,400,0.0,30.0,37.0,14.0,7.0,6.0,5.0,1.0,0.0,3.41,3.0,3.0,2.0,4.0
1130_01_03,1.173,1.018,100.0,500,0.0,21.0,45.0,17.0,9.0,7.0,1.0,0.0,0.0,3.39,3.0,3.0,3.0,4.0
1130_01_03,1.173,1.018,100.0,600,0.0,25.0,37.0,21.0,7.0,6.0,1.0,3.0,0.0,3.47,3.0,3.0,2.75,4.0
1130_01_03,1.173,1.018,100.0,700,0.0,20.0,42.0,20.0,10.0,3.0,2.0,3.0,0.0,3.52,3.0,3.0,3.0,4.0
1130_01_04,0.779,0.712,100.0,200,0.0,32.0,9.0,29.0,19.0,4.0,3.0,4.0,0.0,3.79,4.0,2.0,2.0,5.0
1130_01_04,0.779,0.712,100.0,300,0.0,27.0,27.0,26.0,8.0,6.0,3.0,3.0,0.0,3.6,3.0,2.0,2.0,4.0
1130_01_04,0.779,0.712,100.0,400,0.0,24.0,25.0,27.0,14.0,4.0,3.0,3.0,0.0,3.7,4.0,4.0,3.0,4.0
1130_01_04,0.779,0.712,100.0,500,0.0,18.0,26.0,26.0,15.0,8.0,5.0,2.0,0.0,3.92,4.0,3.0,3.0,5.0
1130_01_04,0.779,0.712,100.0,600,0.0,16.0,38.0,24.0,8.0,6.0,6.0,2.0,0.0,3.76,3.0,3.0,3.0,4.0
1130_01_04,0.779,0.712,100.0,700,0.0,20.0,42.0,15.0,10.0,7.0,3.0,3.0,0.0,3.63,3.0,3.0,3.0,4.0
1130_01_05,0.752,1.986,100.0,200,28.0,9.0,5.0,3.0,2.0,2.0,0.0,0.0,0.0,0.95,0.0,0.0,0.0,1.0
1130_01_05,0.752,1.986,100.0,300,25.0,15.0,4.0,0.0,0.0,1.0,0.0,0.0,0.0,0.73,0.0,0.0,0.0,1.0
1130_01_05,0.752,1.986,100.0,400,27.0,12.0,6.0,1.0,2.0,3.0,0.0,0.0,0.0,1.01,1.0,0.0,0.0,1.0
1130_01_05,0.752,1.986,100.0,500,29.0,15.0,6.0,5.0,1.0,0.0,1.0,1.0,0.0,1.17,1.0,0.0,0.0,2.0
1130_01_05,0.752,1.986,100.0,600,27.0,10.0,6.0,4.0,2.0,1.0,0.0,0.0,0.0,0.97,0.5,0.0,0.0,1.0
1130_01_05,0.752,1.986,100.0,700,18.0,14.0,8.0,2.0,2.0,0.0,0.0,2.0,0.0,1.04,0.0,0.0,0.0,2.0
1130_01_06,0.803,2.078,100.0,200,26.0,7.0,8.0,5.0,1.0,0.0,0.0,4.0,0.0,1.21,1.0,0.0,0.0,1.25
1130_01_06,0.803,2.078,100.0,300,23.0,16.0,4.0,5.0,2.0,1.0,0.0,0.0,0.0,1.03,1.0,0.0,0.0,2.0
1130_01_06,0.803,2.078,100.0,400,20.0,13.0,4.0,3.0,0.0,0.0,0.0,0.0,0.0,0.7,0.0,0.0,0.0,1.0
1130_01_06,0.803,2.078,100.0,500,29.0,12.0,9.0,4.0,1.0,1.0,1.0,1.0,0.0,1.22,1.0,0.0,0.0,2.0
1130_01_06,0.803,2.078,100.0,600,17.0,17.0,1.0,4.0,4.0,1.0,0.0,0.0,0.0,0.96,0.0,0.0,0.0,2.0
1130_01_06,0.803,2.078,100.0,700,19.0,17.0,7.0,3.0,1.0,1.0,1.0,0.0,0.0,1.04,0.0,0.0,0.0,2.0
1130_01_07,0.213,0.49,100.0,200,50.0,23.0,13.0,8.0,3.0,3.0,0.0,0.0,0.0,2.0,1.5,1.0,1.0,3.0
1130_01_07,0.213,0.49,100.0,300,28.0,34.0,18.0,9.0,6.0,4.0,0.0,1.0,0.0,2.48,2.0,2.0,1.0,3.0
1130_01_07,0.213,0.49,100.0,400,25.0,39.0,16.0,11.0,6.0,2.0,0.0,1.0,0.0,2.45,2.0,2.0,1.75,3.0
1130_01_07,0.213,0.49,100.0,500,23.0,32.0,23.0,13.0,6.0,1.0,2.0,0.0,0.0,2.58,2.0,2.0,2.0,3.0
1130_01_07,0.213,0.49,100.0,600,29.0,35.0,18.0,6.0,8.0,2.0,1.0,1.0,0.0,2.44,2.0,2.0,1.0,3.0
1130_01_07,0.213,0.49,100.0,700,0.0,48.0,29.0,13.0,4.0,4.0,0.0,2.0,0.0,2.95,3.0,2.0,2.0,3.0
1130_01_08,0.512,0.547,100.0,200,0.0,25.0,33.0,25.0,8.0,5.0,2.0,2.0,0.0,3.49,3.0,3.0,2.75,4.0
1130_01_08,0.512,0.547,100.0,300,0.0,26.0,37.0,24.0,7.0,4.0,1.0,1.0,0.0,3.33,3.0,3.0,2.0,4.0
1130_01_08,0.512,0.547,100.0,400,0.0,30.0,38.0,14.0,7.0,4.0,3.0,4.0,0.0,3.42,3.0,3.0,2.0,4.0
1130_01_08,0.512,0.547,100.0,500,0.0,19.0,37.0,21.0,10.0,3.0,8.0,2.0,0.0,3.73,3.0,3.0,3.0,4.0
1130_01_08,0.512,0.547,100.0,600,0.0,23.0,28.0,27.0,11.0,6.0,3.0,2.0,0.0,3.66,3.0,3.0,3.0,4.0
1130_01_08,0.512,0.547,100.0,700,0.0,20.0,32.0,22.0,12.0,9.0,3.0,2.0,0.0,3.75,3.0,3.0,3.0,5.0
1130_02_02,0.652,0.811,100.0,200,23.0,36.0,23.0,8.0,4.0,3.0,1.0,2.0,0.0,2.57,2.0,2.0,2.0,3.0
1130_02_02,0.652,0.811,100.0,300,33.0,39.0,15.0,9.0,3.0,1.0,0.0,0.0,0.0,2.13,2.0,2.0,1.0,3.0
1130_02_02,0.652,0.811,100.0,400,30.0,33.0,21.0,9.0,4.0,2.0,0.0,1.0,0.0,2.35,2.0,2.0,1.0,3.0
1130_02_02,0.652,0.811,100.0,500,22.0,40.0,27.0,8.0,2.0,0.0,0.0,1.0,0.0,2.33,2.0,2.0,2.0,3.0
1130_02_02,0.652,0.811,100.0,600,19.0,44.0,21.0,10.0,5.0,0.0,0.0,1.0,0.0,2.43,2.0,2.0,2.0,3.0
1130_02_02,0.652,0.811,100.0,700,0.0,47.0,26.0,12.0,8.0,2.0,2.0,3.0,0.0,3.1,3.0,2.0,2.0,4.0
1130_02_03,0.287,0.982,100.0,200,27.0,6.0,6.0,6.0,4.0,0.0,0.0,0.0,0.0,1.01,0.0,0.0,0.0,1.0
1130_02_03,0.287,0.982,100.0,300,29.0,15.0,4.0,6.0,0.0,1.0,0.0,0.0,0.0,1.01,1.0,0.0,0.0,2.0
1130_02_03,0.287,0.982,100.0,400,48.0,31.0,9.0,4.0,2.0,2.0,3.0,1.0,0.0,2.04,2.0,1.0,1.0,2.0
1130_02_03,0.287,0.982,100.0,500,46.0,26.0,15.0,7.0,1.0,1.0,2.0,2.0,0.0,2.12,2.0,1.0,1.0,3.0
1130_02_03,0.287,0.982,100.0,600,45.0,27.0,16.0,6.0,0.0,2.0,2.0,2.0,0.0,2.13,2.0,1.0,1.0,3.0
1130_02_03,0.287,0.982,100.0,700,44.0,25.0,17.0,8.0,2.0,2.0,2.0,0.0,0.0,2.13,2.0,1.0,1.0,3.0
1130_02_04,1.081,1.179,100.0,200,29.0,38.0,20.0,5.0,5.0,1.0,1.0,1.0,0.0,2.31,2.0,2.0,1.0,3.0
1130_02_04,1.081,1.179,100.0,300,15.0,41.0,20.0,13.0,7.0,1.0,2.0,1.0,0.0,2.72,2.0,2.0,2.0,3.0
1130_02_04,1.081,1.179,100.0,400,20.0,36.0,19.0,11.0,8.0,2.0,3.0,1.0,0.0,2.74,2.0,2.0,2.0,3.25
1130_02_04,1.081,1.179,100.0,500,27.0,39.0,14.0,7.0,4.0,5.0,1.0,3.0,0.0,2.56,2.0,2.0,1.0,3.0
1130_02_04,1.081,1.179,100.0,600,16.0,41.0,21.0,11.0,5.0,2.0,3.0,1.0,0.0,2.71,2.0,2.0,2.0,3.0
1130_02_04,1.081,1.179,100.0,700,22.0,36.0,18.0,11.0,8.0,4.0,0.0,1.0,0.0,2.64,2.0,2.0,2.0,3.0
1130_02_06,0.773,1.377,100.0,200,52.0,29.0,9.0,3.0,3.0,3.0,0.0,1.0,0.0,1.9,1.0,1.0,1.0,2.0
1130_02_06,0.773,1.377,100.0,300,57.0,19.0,9.0,7.0,5.0,3.0,0.0,0.0,0.0,1.93,1.0,1.0,1.0,2.0
1130_02_06,0.773,1.377,100.0,400,50.0,24.0,18.0,5.0,3.0,0.0,0.0,0.0,0.0,1.87,1.5,1.0,1.0,3.0
1130_02_06,0.773,1.377,100.0,500,49.0,25.0,12.0,5.0,5.0,4.0,0.0,0.0,0.0,2.04,2.0,1.0,1.0,3.0
1130_02_06,0.773,1.377,100.0,600,55.0,20.0,17.0,5.0,0.0,1.0,2.0,0.0,0.0,1.86,1.0,1.0,1.0,2.25
1130_02_06,0.773,1.377,100.0,700,64.0,16.0,14.0,2.0,3.0,1.0,0.0,0.0,0.0,1.67,1.0,1.0,1.0,2.0
1130_03_01,0.54,0.987,100.0,200,47.0,25.0,10.0,12.0,4.0,1.0,1.0,0.0,0.0,2.08,2.0,1.0,1.0,3.0
1130_03_01,0.54,0.987,100.0,300,55.0,24.0,8.0,9.0,2.0,2.0,0.0,0.0,0.0,1.85,1.0,1.0,1.0,2.0
1130_03_01,0.54,0.987,100.0,400,47.0,22.0,16.0,5.0,4.0,3.0,2.0,1.0,0.0,2.19,2.0,1.0,1.0,3.0
1130_03_01,0.54,0.987,100.0,500,46.0,30.0,12.0,3.0,6.0,2.0,1.0,0.0,0.0,2.03,2.0,1.0,1.0,2.0
1130_03_01,0.54,0.987,100.0,600,44.0,29.0,12.0,6.0,4.0,1.0,3.0,1.0,0.0,2.17,2.0,1.0,1.0,3.0
1130_03_01,0.54,0.987,100.0,700,47.0,25.0,13.0,7.0,3.0,1.0,2.0,2.0,0.0,2.15,2.0,1.0,1.0,3.0
1130_03_03,1.072,1.004,100.0,200,0.0,25.0,39.0,20.0,9.0,5.0,2.0,0.0,0.0,3.36,3.0,3.0,2.75,4.0
1130_03_03,1.072,1.004,100.0,300,0.0,24.0,33.0,22.0,9.0,6.0,5.0,1.0,0.0,3.59,3.0,3.0,3.0,4.0
1130_03_03,1.072,1.004,100.0,400,0.0,17.0,44.0,20.0,11.0,4.0,2.0,2.0,0.0,3.55,3.0,3.0,3.0,4.0
1130_03_03,1.072,1.004,100.0,500,0.0,19.0,49.0,17.0,8.0,4.0,2.0,1.0,0.0,3.39,3.0,3.0,3.0,4.0
1130_03_03,1.072,1.004,100.0,600,0.0,21.0,42.0,19.0,13.0,3.0,0.0,2.0,0.0,3.43,3.0,3.0,3.0,4.0
1130_03_03,1.072,1.004,100.0,700,0.0,31.0,29.0,25.0,12.0,2.0,1.0,0.0,0.0,3.28,3.0,2.0,2.0,4.0
1130_03_06,0.396,0.383,100.0,300,0.0,0.0,26.0,40.0,14.0,12.0,4.0,4.0,0.0,4.4,4.0,4.0,3.0,5.0
1130_03_06,0.396,0.383,100.0,400,0.0,0.0,26.0,33.0,14.0,17.0,6.0,4.0,0.0,4.56,4.0,4.0,3.0,6.0
1130_03_06,0.396,0.383,100.0,500,0.0,0.0,18.0,47.0,17.0,11.0,5.0,2.0,0.0,4.44,4.0,4.0,4.0,5.0
1130_03_06,0.396,0.383,100.0,600,0.0,0.0,21.0,47.0,13.0,9.0,7.0,3.0,0.0,4.43,4.0,4.0,4.0,5.0
1130_03_06,0.396,0.383,100.0,700,0.0,0.0,25.0,44.0,16.0,6.0,4.0,5.0,0.0,4.35,4.0,4.0,3.75,5.0
1130_03_08,0.592,0.852,100.0,200,51.0,23.0,14.0,6.0,4.0,1.0,1.0,0.0,0.0,1.96,1.0,1.0,1.0,3.0
1130_03_08,0.592,0.852,100.0,300,50.0,22.0,10.0,10.0,6.0,1.0,1.0,0.0,0.0,2.07,1.5,1.0,1.0,3.0
1130_03_08,0.592,0.852,100.0,400,15.0,39.0,25.0,8.0,7.0,3.0,3.0,0.0,0.0,2.74,2.0,2.0,2.0,3.0
1130_03_08,0.592,0.852,100.0,500,28.0,34.0,21.0,9.0,2.0,4.0,1.0,1.0,0.0,2.44,2.0,2.0,1.0,3.0
1130_03_08,0.592,0.852,100.0,600,26.0,40.0,22.0,4.0,3.0,4.0,0.0,1.0,0.0,2.35,2.0,2.0,1.0,3.0
1130_03_08,0.592,0.852,100.0,700,33.0,32.0,19.0,9.0,2.0,1.0,0.0,4.0,0.0,2.38,2.0,1.0,1.0,3.0
1201_01_01,0.794,1.008,100.0,200,52.0,28.0,6.0,10.0,4.0,0.0,0.0,0.0,0.0,1.86,1.0,1.0,1.0,2.0
1201_01_01,0.794,1.008,100.0,300,28.0,34.0,22.0,5.0,8.0,1.0,2.0,0.0,0.0,2.42,2.0,2.0,1.0,3.0
1201_01_01,0.794,1.008,100.0,400,22.0,40.0,21.0,9.0,5.0,2.0,1.0,0.0,0.0,2.45,2.0,2.0,2.0,3.0
1201_01_01,0.794,1.008,100.0,500,18.0,40.0,26.0,4.0,6.0,3.0,1.0,2.0,0.0,2.63,2.0,2.0,2.0,3.0
1201_01_01,0.794,1.008,100.0,600,32.0,40.0,14.0,9.0,3.0,1.0,1.0,0.0,0.0,2.18,2.0,2.0,1.0,3.0
1201_01_01,0.794,1.008,100.0,700,29.0,36.0,18.0,8.0,5.0,2.0,1.0,1.0,0.0,2.39,2.0,2.0,1.0,3.0
1201_01_02,0.982,0.851,100.0,200,0.0,22.0,12.0,34.0,17.0,11.0,2.0,2.0,0.0,3.97,4.0,4.0,3.0,5.0
1201_01_02,0.982,0.851,100.0,300,0.0,24.0,12.0,33.0,10.0,11.0,4.0,6.0,0.0,4.08,4.0,4.0,3.0,5.0
1201_01_02,0.982,0.851,100.0,400,0.0,19.0,11.0,30.0,13.0,18.0,5.0,4.0,0.0,4.31,4.0,4.0,3.0,6.0
1201_01_02,0.982,0.851,100.0,500,0.0,23.0,22.0,25.0,17.0,7.0,2.0,4.0,0.0,3.85,4.0,4.0,3.0,5.0
1201_01_02,0.982,0.851,100.0,600,0.0,22.0,28.0,27.0,12.0,5.0,3.0,3.0,0.0,3.71,3.5,3.0,3.0,4.0
1201_01_02,0.982,0.851,100.0,700,0.0,26.0,30.0,16.0,15.0,10.0,2.0,1.0,0.0,3.63,3.0,3.0,2.0,5.0
1201_01_03,0.911,1.014,100.0,200,26.0,40.0,17.0,10.0,4.0,1.0,1.0,1.0,0.0,2.38,2.0,2.0,1.0,3.0
1201_01_03,0.911,1.014,100.0,300,23.0,36.0,19.0,9.0,6.0,4.0,2.0,1.0,0.0,2.64,2.0,2.0,2.0,3.0
1201_01_03,0.911,1.014,100.0,400,24.0,42.0,17.0,10.0,4.0,2.0,1.0,0.0,0.0,2.38,2.0,2.0,2.0,3.0
1201_01_03,0.911,1.014,100.0,500,21.0,35.0,27.0,10.0,4.0,2.0,0.0,1.0,0.0,2.52,2.0,2.0,2.0,3.0
1201_01_03,0.911,1.014,100.0,600,19.0,38.0,22.0,13.0,4.0,1.0,2.0,1.0,0.0,2.61,2.0,2.0,2.0,3.0
1201_01_03,0.911,1.014,100.0,700,29.0,31.0,19.0,12.0,3.0,2.0,3.0,1.0,0.0,2.52,2.0,2.0,1.0,3.0
1201_01_04,0.727,0.939,100.0,200,58.0,23.0,8.0,5.0,3.0,1.0,0.0,2.0,0.0,1.85,1.0,1.0,1.0,2.0
1201_01_04,0.727,0.939,100.0,300,23.0,35.0,22.0,8.0,3.0,4.0,1.0,4.0,0.0,2.69,2.0,2.0,2.0,3.0
1201_01_04,0.727,0.939,100.0,400,22.0,35.0,25.0,11.0,6.0,0.0,1.0,0.0,0.0,2.48,2.0,2.0,2.0,3.0
1201_01_04,0.727,0.939,100.0,500,32.0,41.0,13.0,5.0,5.0,3.0,1.0,0.0,0.0,2.23,2.0,2.0,1.0,3.0
1201_01_04,0.727,0.939,100.0,600,27.0,36.0,19.0,6.0,7.0,2.0,1.0,2.0,0.0,2.5,2.0,2.0,1.0,3.0
1201_01_04,0.727,0.939,100.0,700,32.0,34.0,23.0,5.0,0.0,2.0,1.0,3.0,0.0,2.32,2.0,2.0,1.0,3.0
1201_01_05,0.724,0.857,100.0,200,26.0,34.0,19.0,13.0,2.0,1.0,5.0,0.0,0.0,2.54,2.0,2.0,1.0,3.0
1201_01_05,0.724,0.857,100.0,300,27.0,26.0,24.0,11.0,5.0,2.0,5.0,0.0,0.0,2.67,2.0,1.0,1.0,3.0
1201_01_05,0.724,0.857,100.0,400,26.0,41.0,16.0,11.0,3.0,3.0,0.0,0.0,0.0,2.33,2.0,2.0,1.0,3.0
1201_01_05,0.724,0.857,100.0,500,24.0,47.0,14.0,6.0,3.0,3.0,1.0,2.0,0.0,2.4,2.0,2.0,2.0,3.0
1201_01_05,0.724,0.857,100.0,600,0.0,42.0,25.0,19.0,6.0,4.0,3.0,1.0,0.0,3.18,3.0,2.0,2.0,4.0
1201_01_05,0.724,0.857,100.0,700,0.0,41.0,23.0,15.0,11.0,7.0,1.0,2.0,0.0,3.31,3.0,2.0,2.0,4.0
1201_01_06,0.457,0.666,100.0,200,23.0,40.0,18.0,9.0,4.0,4.0,0.0,2.0,0.0,2.53,2.0,2.0,2.0,3.0
1201_01_06,0.457,0.666,100.0,300,31.0,37.0,19.0,4.0,4.0,2.0,0.0,3.0,0.0,2.34,2.0,2.0,1.0,3.0
1201_01_06,0.457,0.666,100.0,400,32.0,34.0,20.0,8.0,4.0,0.0,1.0,1.0,0.0,2.27,2.0,2.0,1.0,3.0
1201_01_06,0.457,0.666,100.0,500,22.0,30.0,24.0,12.0,5.0,4.0,1.0,2.0,0.0,2.74,2.0,2.0,2.0,3.0
1201_01_06,0.457,0.666,100.0,600,27.0,31.0,16.0,15.0,5.0,2.0,3.0,1.0,0.0,2.63,2.0,2.0,1.0,4.0
1201_01_06,0.457,0.666,100.0,700,0.0,50.0,26.0,12.0,8.0,0.0,1.0,3.0,0.0,2.97,2.5,2.0,2.0,3.0
1201_01_08,1.413,1.135,100.0,200,0.0,29.0,15.0,19.0,17.0,9.0,4.0,4.0,0.0,3.8969072164948453,4.0,2.0,2.0,5.0
1201_01_08,1.413,1.135,100.0,300,0.0,21.0,11.0,23.0,28.0,8.0,5.0,4.0,0.0,4.22,4.0,5.0,3.0,5.0
1201_01_08,1.413,1.135,100.0,400,0.0,24.0,11.0,29.0,21.0,7.0,3.0,5.0,0.0,4.05,4.0,4.0,3.0,5.0
1201_01_08,1.413,1.135,100.0,500,0.0,29.0,23.0,25.0,14.0,4.0,5.0,0.0,0.0,3.56,3.0,2.0,2.0,4.0
1201_01_08,1.413,1.135,100.0,600,0.0,34.0,15.0,22.0,15.0,2.0,4.0,8.0,0.0,3.8,4.0,2.0,2.0,5.0
1201_01_08,1.413,1.135,100.0,700,0.0,24.0,22.0,27.0,9.0,6.0,9.0,3.0,0.0,3.9,4.0,4.0,3.0,5.0
1201_01_09,1.068,1.115,100.0,200,26.0,31.0,17.0,12.0,5.0,4.0,5.0,0.0,0.0,2.71,2.0,2.0,1.0,4.0
1201_01_09,1.068,1.115,100.0,300,18.0,37.0,15.0,14.0,6.0,5.0,1.0,4.0,0.0,2.92,2.0,2.0,2.0,4.0
1201_01_09,1.068,1.115,100.0,400,29.0,31.0,21.0,10.0,6.0,0.0,1.0,2.0,0.0,2.47,2.0,2.0,1.0,3.0
1201_01_09,1.068,1.115,100.0,500,28.0,35.0,16.0,11.0,8.0,2.0,0.0,0.0,0.0,2.42,2.0,2.0,1.0,3.0
1201_01_09,1.068,1.115,100.0,600,0.0,52.0,27.0,9.0,6.0,4.0,1.0,1.0,0.0,2.9,2.0,2.0,2.0,3.0
1201_01_09,1.068,1.115,100.0,700,0.0,43.0,30.0,11.0,7.0,3.0,5.0,1.0,0.0,3.16,3.0,2.0,2.0,4.0
1201_02_01,0.942,0.718,100.0,200,0.0,0.0,26.0,11.0,2.0,4.0,2.0,0.0,0.0,3.7777777777777777,3.0,3.0,3.0,4.0
1201_02_01,0.942,0.718,100.0,300,0.0,0.0,22.0,26.0,10.0,6.0,2.0,2.0,0.0,4.205882352941177,4.0,4.0,3.0,5.0
1201_02_01,0.942,0.718,100.0,400,0.0,0.0,31.0,17.0,22.0,11.0,8.0,5.0,0.0,4.6063829787234045,4.0,3.0,3.0,5.75
1201_02_01,0.942,0.718,100.0,500,0.0,14.0,19.0,26.0,17.0,13.0,3.0,4.0,0.0,4.21875,4.0,4.0,3.0,5.0
1201_02_01,0.942,0.718,100.0,600,0.0,11.0,16.0,36.0,15.0,11.0,2.0,9.0,0.0,4.41,4.0,4.0,3.0,5.0
1201_02_01,0.942,0.718,100.0,700,0.0,10.0,20.0,34.0,21.0,11.0,2.0,2.0,0.0,4.17,4.0,4.0,3.0,5.0
1201_02_02,0.487,1.055,100.0,200,58.0,22.0,9.0,5.0,3.0,2.0,1.0,0.0,0.0,1.83,1.0,1.0,1.0,2.0
1201_02_02,0.487,1.055,100.0,300,52.0,20.0,17.0,6.0,2.0,2.0,0.0,1.0,0.0,1.97,1.0,1.0,1.0,3.0
1201_02_02,0.487,1.055,100.0,400,54.0,23.0,16.0,2.0,3.0,1.0,1.0,0.0,0.0,1.84,1.0,1.0,1.0,2.0
1201_02_02,0.487,1.055,100.0,500,53.0,25.0,9.0,8.0,4.0,1.0,0.0,0.0,0.0,1.88,1.0,1.0,1.0,2.0
1201_02_02,0.487,1.055,100.0,600,43.0,23.0,16.0,9.0,2.0,3.0,2.0,2.0,0.0,2.31,2.0,1.0,1.0,3.0
1201_02_02,0.487,1.055,100.0,700,41.0,24.0,16.0,4.0,6.0,4.0,2.0,3.0,0.0,2.45,2.0,1.0,1.0,3.0
1201_02_03,0.967,0.91,100.0,200,0.0,22.0,41.0,19.0,8.0,5.0,5.0,0.0,0.0,3.48,3.0,3.0,3.0,4.0
1201_02_03,0.967,0.91,100.0,300,0.0,29.0,40.0,22.0,6.0,2.0,0.0,1.0,0.0,3.16,3.0,3.0,2.0,4.0
1201_02_03,0.967,0.91,100.0,400,0.0,33.0,38.0,16.0,10.0,2.0,0.0,1.0,0.0,3.14,3.0,3.0,2.0,4.0
1201_02_03,0.967,0.91,100.0,500,0.0,25.0,43.0,12.0,6.0,7.0,2.0,5.0,0.0,3.53,3.0,3.0,2.75,4.0
1201_02_03,0.967,0.91,100.0,600,0.0,24.0,37.0,20.0,10.0,7.0,2.0,0.0,0.0,3.45,3.0,3.0,3.0,4.0
1201_02_03,0.967,0.91,100.0,700,0.0,22.0,40.0,18.0,6.0,6.0,4.0,4.0,0.0,3.62,3.0,3.0,3.0,4.0
1201_02_04,1.376,1.655,100.0,200,53.0,21.0,13.0,7.0,3.0,2.0,0.0,1.0,0.0,1.97,1.0,1.0,1.0,3.0
1201_02_04,1.376,1.655,100.0,300,59.0,20.0,11.0,5.0,2.0,3.0,0.0,0.0,0.0,1.8,1.0,1.0,1.0,2.0
1201_02_04,1.376,1.655,100.0,400,47.0,26.0,9.0,8.0,7.0,3.0,0.0,0.0,0.0,2.11,2.0,1.0,1.0,3.0
1201_02_04,1.376,1.655,100.0,500,53.0,25.0,11.0,5.0,4.0,1.0,1.0,0.0,0.0,1.89,1.0,1.0,1.0,2.0
1201_02_04,1.376,1.655,100.0,600,52.0,25.0,10.0,6.0,4.0,1.0,1.0,1.0,0.0,1.97,1.0,1.0,1.0,2.0
1201_02_04,1.376,1.655,100.0,700,52.0,27.0,14.0,5.0,1.0,0.0,0.0,1.0,0.0,1.81,1.0,1.0,1.0,2.0
1201_02_05,1.032,1.04,100.0,200,0.0,33.0,34.0,14.0,13.0,2.0,1.0,3.0,0.0,3.32,3.0,3.0,2.0,4.0
1201_02_05,1.032,1.04,100.0,300,0.0,37.0,30.0,21.0,3.0,5.0,2.0,2.0,0.0,3.23,3.0,2.0,2.0,4.0
1201_02_05,1.032,1.04,100.0,400,0.0,38.0,28.0,18.0,6.0,6.0,2.0,2.0,0.0,3.28,3.0,2.0,2.0,4.0
1201_02_05,1.032,1.04,100.0,500,0.0,36.0,36.0,16.0,7.0,3.0,1.0,1.0,0.0,3.12,3.0,2.0,2.0,4.0
1201_02_05,1.032,1.04,100.0,600,0.0,33.0,38.0,14.0,8.0,2.0,2.0,3.0,0.0,3.26,3.0,3.0,2.0,4.0
1201_02_05,1.032,1.04,100.0,700,0.0,40.0,33.0,15.0,7.0,4.0,0.0,1.0,0.0,3.06,3.0,2.0,2.0,4.0
1201_02_07,0.3,3.833,100.0,200,22.0,12.0,6.0,0.0,1.0,1.0,0.0,0.0,0.0,0.75,0.0,0.0,0.0,1.0
1201_02_07,0.3,3.833,100.0,300,23.0,15.0,7.0,4.0,1.0,0.0,0.0,0.0,0.0,0.95,0.5,0.0,0.0,2.0
1201_02_07,0.3,3.833,100.0,400,23.0,17.0,6.0,2.0,2.0,0.0,0.0,1.0,0.0,1.01,1.0,0.0,0.0,2.0
1201_02_07,0.3,3.833,100.0,500,22.0,14.0,10.0,4.0,1.0,0.0,0.0,0.0,0.0,1.01,1.0,0.0,0.0,2.0
1201_02_07,0.3,3.833,100.0,600,27.0,11.0,4.0,4.0,1.0,1.0,1.0,0.0,0.0,0.95,0.0,0.0,0.0,1.0
1201_02_07,0.3,3.833,100.0,700,15.0,18.0,3.0,4.0,0.0,0.0,0.0,4.0,0.0,1.08,0.0,0.0,0.0,2.0
1201_03_01,0.603,0.708,100.0,200,0.0,41.0,27.0,18.0,7.0,3.0,2.0,2.0,0.0,3.18,3.0,2.0,2.0,4.0
1201_03_01,0.603,0.708,100.0,300,0.0,47.0,31.0,11.0,6.0,3.0,1.0,1.0,0.0,2.94,3.0,2.0,2.0,3.0
1201_03_01,0.603,0.708,100.0,400,0.0,35.0,33.0,17.0,8.0,3.0,2.0,2.0,0.0,3.25,3.0,2.0,2.0,4.0
1201_03_01,0.603,0.708,100.0,500,0.0,40.0,30.0,15.0,10.0,3.0,2.0,0.0,0.0,3.12,3.0,2.0,2.0,4.0
1201_03_01,0.603,0.708,100.0,600,0.0,36.0,27.0,17.0,5.0,9.0,2.0,4.0,0.0,3.46,3.0,2.0,2.0,4.0
1201_03_01,0.603,0.708,100.0,700,0.0,33.0,40.0,11.0,11.0,2.0,2.0,1.0,0.0,3.19,3.0,3.0,2.0,4.0
1201_03_02,1.176,0.63,100.0,500,0.0,0.0,0.0,18.0,0.0,0.0,0.0,0.0,0.0,4.0,4.0,4.0,4.0,4.0
1201_03_02,1.176,0.63,100.0,600,0.0,0.0,0.0,14.0,0.0,0.0,0.0,0.0,0.0,4.0,4.0,4.0,4.0,4.0
1201_03_02,1.176,0.63,100.0,700,0.0,0.0,14.0,19.0,2.0,1.0,0.0,2.0,0.0,3.9473684210526314,4.0,4.0,3.0,4.0
1201_03_03,0.807,0.691,100.0,200,0.0,13.0,23.0,33.0,18.0,5.0,3.0,5.0,0.0,4.08,4.0,4.0,3.0,5.0
1201_03_03,0.807,0.691,100.0,300,0.0,29.0,12.0,33.0,10.0,8.0,5.0,3.0,0.0,3.83,4.0,4.0,2.0,5.0
1201_03_03,0.807,0.691,100.0,400,0.0,24.0,14.0,34.0,18.0,6.0,1.0,3.0,0.0,3.83,4.0,4.0,3.0,5.0
1201_03_03,0.807,0.691,100.0,500,0.0,24.0,16.0,26.0,19.0,7.0,3.0,5.0,0.0,3.98,4.0,4.0,3.0,5.0
1201_03_03,0.807,0.691,100.0,600,0.0,26.0,9.0,36.0,12.0,7.0,3.0,7.0,0.0,4.02,4.0,4.0,2.0,5.0
1201_03_03,0.807,0.691,100.0,700,0.0,36.0,16.0,30.0,7.0,5.0,4.0,2.0,0.0,3.49,3.0,2.0,2.0,4.0
1201_03_04,0.546,1.627,100.0,200,24.0,10.0,4.0,2.0,3.0,0.0,2.0,1.0,0.0,1.01,0.0,0.0,0.0,1.0
1201_03_04,0.546,1.627,100.0,300,26.0,11.0,2.0,5.0,2.0,1.0,0.0,1.0,0.0,0.98,0.0,0.0,0.0,1.0
1201_03_04,0.546,1.627,100.0,400,24.0,9.0,7.0,4.0,0.0,1.0,0.0,0.0,0.0,0.85,0.0,0.0,0.0,1.0
1201_03_04,0.546,1.627,100.0,500,16.0,11.0,8.0,3.0,3.0,2.0,0.0,0.0,0.0,1.01,0.0,0.0,0.0,2.0
1201_03_04,0.546,1.627,100.0,600,21.0,9.0,5.0,5.0,5.0,0.0,0.0,0.0,0.0,0.99,0.0,0.0,0.0,1.0
1201_03_04,0.546,1.627,100.0,700,18.0,16.0,4.0,3.0,2.0,0.0,1.0,0.0,0.0,0.91,0.0,0.0,0.0,2.0
1202_01_02,0.314,0.828,100.0,200,49.0,27.0,12.0,6.0,3.0,2.0,1.0,0.0,0.0,1.97,2.0,1.0,1.0,2.0
1202_01_02,0.314,0.828,100.0,300,56.0,21.0,12.0,5.0,5.0,0.0,1.0,0.0,0.0,1.86,1.0,1.0,1.0,2.0
1202_01_02,0.314,0.828,100.0,400,51.0,20.0,12.0,9.0,6.0,1.0,0.0,1.0,0.0,2.07,1.0,1.0,1.0,3.0
1202_01_02,0.314,0.828,100.0,500,43.0,35.0,14.0,4.0,2.0,1.0,1.0,0.0,0.0,1.94,2.0,1.0,1.0,2.0
1202_01_02,0.314,0.828,100.0,600,52.0,27.0,12.0,3.0,4.0,1.0,1.0,0.0,0.0,1.87,1.0,1.0,1.0,2.0
1202_01_02,0.314,0.828,100.0,700,50.0,28.0,10.0,3.0,4.0,4.0,1.0,0.0,0.0,1.99,1.5,1.0,1.0,2.0
1202_01_07,0.833,0.49,100.0,700,0.0,0.0,12.0,24.0,1.0,3.0,1.0,2.0,0.0,4.1395348837209305,4.0,4.0,3.0,4.0
1202_02_02,0.722,0.876,100.0,200,20.0,42.0,18.0,8.0,4.0,5.0,3.0,0.0,0.0,2.61,2.0,2.0,2.0,3.0
1202_02_02,0.722,0.876,100.0,300,20.0,39.0,21.0,7.0,6.0,4.0,3.0,0.0,0.0,2.64,2.0,2.0,2.0,3.0
1202_02_02,0.722,0.876,100.0,400,30.0,33.0,24.0,7.0,4.0,1.0,0.0,1.0,0.0,2.3,2.0,2.0,1.0,3.0
1202_02_02,0.722,0.876,100.0,500,25.0,37.0,23.0,6.0,2.0,4.0,2.0,1.0,0.0,2.48,2.0,2.0,1.75,3.0
1202_02_02,0.722,0.876,100.0,600,29.0,35.0,21.0,10.0,1.0,1.0,3.0,0.0,0.0,2.34,2.0,2.0,1.0,3.0
1202_02_02,0.722,0.876,100.0,700,21.0,53.0,17.0,1.0,1.0,3.0,0.0,4.0,0.0,2.37,2.0,2.0,2.0,3.0
1202_02_06,1.219,1.013,100.0,200,0.0,17.0,17.0,33.0,18.0,11.0,0.0,4.0,0.0,4.05,4.0,4.0,3.0,5.0
1202_02_06,1.219,1.013,100.0,300,0.0,26.0,13.0,31.0,14.0,6.0,7.0,3.0,0.0,3.94,4.0,4.0,2.0,5.0
1202_02_06,1.219,1.013,100.0,400,0.0,26.0,16.0,29.0,15.0,7.0,3.0,4.0,0.0,3.86,4.0,4.0,2.0,5.0
1202_02_06,1.219,1.013,100.0,500,0.0,27.0,22.0,33.0,14.0,3.0,1.0,0.0,0.0,3.47,4.0,4.0,2.0,4.0
1202_02_06,1.219,1.013,100.0,600,0.0,29.0,29.0,20.0,10.0,6.0,3.0,3.0,0.0,3.56,3.0,2.0,2.0,4.0
1202_02_06,1.219,1.013,100.0,700,0.0,19.0,43.0,16.0,11.0,7.0,3.0,1.0,0.0,3.57,3.0,3.0,3.0,4.0
1203_01_01,1.927,1.052,100.0,300,0.0,0.0,0.0,15.0,0.0,0.0,0.0,0.0,0.0,4.0,4.0,4.0,4.0,4.0
1203_01_01,1.927,1.052,100.0,400,0.0,0.0,0.0,12.0,0.0,0.0,0.0,0.0,0.0,4.0,4.0,4.0,4.0,4.0
1203_01_01,1.927,1.052,100.0,500,0.0,0.0,17.0,14.0,0.0,0.0,0.0,0.0,0.0,3.4516129032258065,3.0,3.0,3.0,4.0
1203_01_01,1.927,1.052,100.0,600,0.0,0.0,13.0,15.0,2.0,1.0,1.0,1.0,0.0,3.9393939393939394,4.0,4.0,3.0,4.0
1203_01_01,1.927,1.052,100.0,700,0.0,0.0,17.0,18.0,3.0,3.0,1.0,1.0,0.0,3.9767441860465116,4.0,4.0,3.0,4.0
1203_01_03,1.031,813594.349,100.0,200,30.0,10.0,2.0,4.0,1.0,0.0,1.0,2.0,0.0,1.0,0.5,0.0,0.0,1.0
1203_01_03,1.031,813594.349,100.0,300,24.0,20.0,6.0,2.0,0.0,2.0,1.0,0.0,0.0,1.09,1.0,0.0,0.0,2.0
1203_01_03,1.031,813594.349,100.0,400,28.0,10.0,9.0,2.0,4.0,0.0,1.0,0.0,0.0,1.1,1.0,0.0,0.0,2.0
1203_01_03,1.031,813594.349,100.0,500,27.0,19.0,6.0,3.0,2.0,0.0,1.0,0.0,0.0,1.12,1.0,0.0,0.0,2.0
1203_01_03,1.031,813594.349,100.0,600,20.0,14.0,3.0,8.0,2.0,1.0,0.0,1.0,0.0,1.13,0.0,0.0,0.0,2.0
1203_01_03,1.031,813594.349,100.0,700,25.0,11.0,8.0,3.0,1.0,1.0,0.0,1.0,0.0,1.02,0.5,0.0,0.0,1.25
1203_01_05,0.644,620506.497,100.0,200,27.0,15.0,4.0,2.0,2.0,1.0,0.0,1.0,0.0,1.01,1.0,0.0,0.0,1.25
1203_01_05,0.644,620506.497,100.0,300,22.0,12.0,6.0,2.0,2.0,2.0,0.0,0.0,0.0,0.94,0.0,0.0,0.0,1.0
1203_01_05,0.644,620506.497,100.0,400,27.0,14.0,5.0,5.0,0.0,2.0,1.0,0.0,0.0,1.09,1.0,0.0,0.0,2.0
1203_01_05,0.644,620506.497,100.0,500,26.0,12.0,8.0,0.0,2.0,0.0,1.0,0.0,0.0,0.91,0.0,0.0,0.0,1.0
1203_01_05,0.644,620506.497,100.0,600,26.0,13.0,9.0,3.0,0.0,2.0,0.0,2.0,0.0,1.19,1.0,0.0,0.0,2.0
1203_01_05,0.644,620506.497,100.0,700,22.0,9.0,4.0,1.0,4.0,1.0,0.0,0.0,0.0,0.82,0.0,0.0,0.0,1.0
1203_02_02,0.213,2.468,100.0,200,31.0,16.0,6.0,1.0,1.0,1.0,0.0,0.0,0.0,0.96,1.0,0.0,0.0,1.25
1203_02_02,0.213,2.468,100.0,300,19.0,14.0,6.0,5.0,0.0,2.0,0.0,0.0,0.0,0.97,0.0,0.0,0.0,2.0
1203_02_02,0.213,2.468,100.0,400,29.0,8.0,9.0,0.0,3.0,0.0,0.0,1.0,0.0,0.95,0.5,0.0,0.0,1.0
1203_02_02,0.213,2.468,100.0,500,23.0,19.0,4.0,5.0,3.0,0.0,1.0,0.0,0.0,1.15,1.0,0.0,0.0,2.0
1203_02_02,0.213,2.468,100.0,600,19.0,16.0,6.0,7.0,1.0,0.0,0.0,1.0,0.0,1.1,0.5,0.0,0.0,2.0
1203_02_02,0.213,2.468,100.0,700,28.0,17.0,5.0,6.0,1.0,0.0,0.0,0.0,0.0,1.06,1.0,0.0,0.0,2.0
1203_03_02,1.01,0.762,100.0,200,0.0,0.0,25.0,12.0,4.0,1.0,0.0,2.0,0.0,3.75,3.0,3.0,3.0,4.0
1203_03_02,1.01,0.762,100.0,300,0.0,0.0,34.0,18.0,12.0,7.0,1.0,2.0,0.0,4.04054054054054,4.0,3.0,3.0,5.0
1203_03_02,1.01,0.762,100.0,400,0.0,0.0,17.0,25.0,26.0,11.0,3.0,4.0,0.0,4.651162790697675,5.0,5.0,4.0,5.0
1203_03_02,1.01,0.762,100.0,500,0.0,7.0,16.0,36.0,14.0,11.0,6.0,6.0,0.0,4.5,4.0,4.0,4.0,5.0
1203_03_02,1.01,0.762,100.0,600,0.0,12.0,23.0,36.0,18.0,6.0,2.0,3.0,0.0,4.01,4.0,4.0,3.0,5.0
1203_03_02,1.01,0.762,100.0,700,0.0,12.0,23.0,35.0,16.0,1.0,7.0,6.0,0.0,4.16,4.0,4.0,3.0,5.0
1203_03_04,0.218,0.71,100.0,200,44.0,30.0,8.0,7.0,7.0,0.0,3.0,1.0,0.0,2.2,2.0,1.0,1.0,3.0
1203_03_04,0.218,0.71,100.0,300,47.0,17.0,19.0,5.0,5.0,2.0,4.0,1.0,0.0,2.31,2.0,1.0,1.0,3.0
1203_03_04,0.218,0.71,100.0,400,50.0,20.0,17.0,6.0,6.0,1.0,0.0,0.0,0.0,2.01,1.5,1.0,1.0,3.0
1203_03_04,0.218,0.71,100.0,500,56.0,26.0,9.0,5.0,2.0,0.0,1.0,1.0,0.0,1.8,1.0,1.0,1.0,2.0
1203_03_04,0.218,0.71,100.0,600,53.0,18.0,14.0,8.0,3.0,4.0,0.0,0.0,0.0,2.02,1.0,1.0,1.0,3.0
1203_03_04,0.218,0.71,100.0,700,54.0,20.0,12.0,6.0,3.0,1.0,1.0,3.0,0.0,2.06,1.0,1.0,1.0,3.0
1203_03_06,0.412,0.661,100.0,200,55.0,23.0,14.0,3.0,3.0,0.0,1.0,1.0,0.0,1.85,1.0,1.0,1.0,2.0
1203_03_06,0.412,0.661,100.0,300,28.0,29.0,22.0,15.0,3.0,0.0,0.0,3.0,0.0,2.51,2.0,2.0,1.0,3.0
1203_03_06,0.412,0.661,100.0,400,23.0,33.0,23.0,6.0,9.0,2.0,1.0,3.0,0.0,2.7,2.0,2.0,2.0,3.0
1203_03_06,0.412,0.661,100.0,500,30.0,38.0,14.0,9.0,3.0,3.0,1.0,2.0,0.0,2.4,2.0,2.0,1.0,3.0
1203_03_06,0.412,0.661,100.0,600,40.0,29.0,13.0,9.0,5.0,1.0,1.0,2.0,0.0,2.27,2.0,1.0,1.0,3.0
1203_03_06,0.412,0.661,100.0,700,25.0,30.0,22.0,14.0,6.0,2.0,1.0,0.0,0.0,2.56,2.0,2.0,1.75,3.0
1203_03_07,0.405,1.256,100.0,200,16.0,10.0,10.0,7.0,1.0,0.0,0.0,0.0,0.0,0.99,0.0,0.0,0.0,2.0
1203_03_07,0.405,1.256,100.0,300,29.0,16.0,12.0,2.0,0.0,0.0,0.0,1.0,0.0,1.13,1.0,0.0,0.0,2.0
1203_03_07,0.405,1.256,100.0,400,29.0,11.0,5.0,4.0,0.0,0.0,0.0,0.0,0.0,0.82,0.0,0.0,0.0,1.0
1203_03_07,0.405,1.256,100.0,500,31.0,10.0,8.0,1.0,1.0,1.0,0.0,0.0,0.0,0.9,1.0,0.0,0.0,1.0
1203_03_07,0.405,1.256,100.0,600,27.0,11.0,5.0,2.0,0.0,0.0,0.0,0.0,0.0,0.72,0.0,0.0,0.0,1.0
1203_03_07,0.405,1.256,100.0,700,26.0,8.0,7.0,4.0,1.0,0.0,1.0,1.0,0.0,0.99,0.0,0.0,0.0,1.0
1203_03_08,0.908,0.872,100.0,200,0.0,29.0,38.0,18.0,9.0,2.0,3.0,1.0,0.0,3.3,3.0,3.0,2.0,4.0
1203_03_08,0.908,0.872,100.0,300,0.0,26.0,41.0,18.0,5.0,6.0,3.0,1.0,0.0,3.37,3.0,3.0,2.0,4.0
1203_03_08,0.908,0.872,100.0,400,0.0,23.0,34.0,17.0,11.0,5.0,6.0,4.0,0.0,3.75,3.0,3.0,3.0,5.0
1203_03_08,0.908,0.872,100.0,500,0.0,24.0,37.0,22.0,8.0,3.0,5.0,1.0,0.0,3.48,3.0,3.0,3.0,4.0
1203_03_08,0.908,0.872,100.0,600,0.0,30.0,41.0,13.0,8.0,4.0,0.0,4.0,0.0,3.31,3.0,3.0,2.0,4.0
1203_03_08,0.908,0.872,100.0,700,0.0,30.0,40.0,16.0,4.0,3.0,4.0,3.0,0.0,3.34,3.0,3.0,2.0,4.0
c1203_1010_01,1.098,0.829,100.0,200,0.0,0.0,34.0,11.0,4.0,2.0,0.0,1.0,0.0,3.576923076923077,3.0,3.0,3.0,4.0
c1203_1010_01,1.098,0.829,100.0,300,0.0,0.0,28.0,15.0,10.0,5.0,2.0,6.0,0.0,4.333333333333333,4.0,3.0,3.0,5.0
c1203_1010_01,1.098,0.829,100.0,400,0.0,11.0,21.0,17.0,17.0,8.0,9.0,8.0,0.0,4.538461538461538,4.0,3.0,3.0,6.0
c1203_1010_01,1.098,0.829,100.0,500,0.0,16.0,12.0,29.0,19.0,5.0,6.0,8.0,0.0,4.368421052631579,4.0,4.0,3.0,5.0
c1203_1010_01,1.098,0.829,100.0,600,0.0,12.0,16.0,35.0,14.0,16.0,4.0,3.0,0.0,4.3,4.0,4.0,3.0,5.0
c1203_1010_01,1.098,0.829,100.0,700,0.0,9.0,15.0,39.0,15.0,10.0,5.0,7.0,0.0,4.45,4.0,4.0,4.0,5.0
c1203_1010_03,0.509,2.735,100.0,200,24.0,12.0,9.0,3.0,2.0,0.0,0.0,0.0,0.0,0.97,0.5,0.0,0.0,2.0
c1203_1010_03,0.509,2.735,100.0,300,26.0,9.0,4.0,6.0,4.0,2.0,0.0,0.0,0.0,1.12,1.0,0.0,0.0,1.25
c1203_1010_03,0.509,2.735,100.0,400,25.0,12.0,5.0,6.0,0.0,1.0,0.0,1.0,0.0,1.02,0.5,0.0,0.0,1.25
c1203_1010_03,0.509,2.735,100.0,500,26.0,16.0,5.0,1.0,2.0,0.0,0.0,0.0,0.0,0.87,0.5,0.0,0.0,1.0
c1203_1010_03,0.509,2.735,100.0,600,22.0,14.0,4.0,2.0,0.0,1.0,0.0,1.0,0.0,0.84,0.0,0.0,0.0,1.0
c1203_1010_03,0.509,2.735,100.0,700,28.0,18.0,7.0,1.0,2.0,0.0,0.0,0.0,0.0,0.99,1.0,0.0,0.0,2.0
c1203_1010_04,0.499,0.62,100.0,200,0.0,52.0,24.0,12.0,6.0,5.0,1.0,0.0,0.0,2.91,2.0,2.0,2.0,3.0
c1203_1010_04,0.499,0.62,100.0,300,0.0,52.0,20.0,12.0,5.0,4.0,3.0,4.0,0.0,3.14,2.0,2.0,2.0,4.0
c1203_1010_04,0.499,0.62,100.0,400,0.0,39.0,28.0,18.0,10.0,3.0,1.0,1.0,0.0,3.17,3.0,2.0,2.0,4.0
c1203_1010_04,0.499,0.62,100.0,500,0.0,33.0,34.0,13.0,10.0,6.0,1.0,3.0,0.0,3.37,3.0,3.0,2.0,4.0
c1203_1010_04,0.499,0.62,100.0,600,0.0,43.0,32.0,12.0,6.0,5.0,1.0,1.0,0.0,3.05,3.0,2.0,2.0,3.25
c1203_1010_04,0.499,0.62,100.0,700,0.0,36.0,32.0,12.0,9.0,4.0,1.0,6.0,0.0,3.4,3.0,2.0,2.0,4.0
c1203_1010_06,0.95,2.688,100.0,200,26.0,8.0,10.0,5.0,2.0,1.0,1.0,2.0,0.0,1.31,1.0,0.0,0.0,2.0
c1203_1010_06,0.95,2.688,100.0,300,15.0,13.0,3.0,2.0,1.0,1.0,2.0,0.0,0.0,0.83,0.0,0.0,0.0,1.0
c1203_1010_06,0.95,2.688,100.0,400,23.0,14.0,6.0,2.0,1.0,1.0,0.0,0.0,0.0,0.88,0.0,0.0,0.0,1.0
c1203_1010_06,0.95,2.688,100.0,500,20.0,8.0,9.0,2.0,0.0,0.0,1.0,0.0,0.0,0.78,0.0,0.0,0.0,1.0
c1203_1010_06,0.95,2.688,100.0,600,15.0,13.0,8.0,4.0,2.0,1.0,1.0,0.0,0.0,1.04,0.0,0.0,0.0,2.0
c1203_1010_06,0.95,2.688,100.0,700,25.0,11.0,10.0,1.0,0.0,1.0,3.0,1.0,0.0,1.16,1.0,0.0,0.0,2.0
c1203_1010_07,0.925,1.085,100.0,200,24.0,38.0,20.0,8.0,5.0,3.0,1.0,1.0,0.0,2.5,2.0,2.0,2.0,3.0
c1203_1010_07,0.925,1.085,100.0,300,25.0,35.0,24.0,6.0,1.0,5.0,2.0,2.0,0.0,2.56,2.0,2.0,1.75,3.0
c1203_1010_07,0.925,1.085,100.0,400,32.0,35.0,18.0,6.0,4.0,2.0,1.0,2.0,0.0,2.35,2.0,2.0,1.0,3.0
c1203_1010_07,0.925,1.085,100.0,500,20.0,34.0,24.0,10.0,6.0,3.0,2.0,1.0,0.0,2.7,2.0,2.0,2.0,3.0
c1203_1010_07,0.925,1.085,100.0,600,28.0,43.0,12.0,12.0,4.0,1.0,0.0,0.0,0.0,2.24,2.0,2.0,1.0,3.0
c1203_1010_07,0.925,1.085,100.0,700,24.0,36.0,20.0,10.0,3.0,3.0,0.0,4.0,0.0,2.61,2.0,2.0,2.0,3.0
c1203_1110_01,1.134,1.113,100.0,200,0.0,35.0,30.0,19.0,11.0,3.0,0.0,2.0,0.0,3.25,3.0,2.0,2.0,4.0
c1203_1110_01,1.134,1.113,100.0,300,0.0,32.0,36.0,17.0,10.0,0.0,3.0,2.0,0.0,3.27,3.0,3.0,2.0,4.0
c1203_1110_01,1.134,1.113,100.0,400,0.0,37.0,29.0,16.0,11.0,5.0,1.0,1.0,0.0,3.25,3.0,2.0,2.0,4.0
c1203_1110_01,1.134,1.113,100.0,500,0.0,46.0,26.0,12.0,4.0,3.0,5.0,4.0,0.0,3.23,3.0,2.0,2.0,4.0
c1203_1110_01,1.134,1.113,100.0,600,0.0,35.0,35.0,14.0,9.0,4.0,1.0,2.0,0.0,3.23,3.0,2.0,2.0,4.0
c1203_1110_01,1.134,1.113,100.0,700,0.0,44.0,35.0,11.0,3.0,3.0,1.0,3.0,0.0,3.01,3.0,2.0,2.0,3.0
c1203_1110_03,2.425,1.359,100.0,200,0.0,0.0,0.0,18.0,0.0,0.0,0.0,0.0,0.0,4.0,4.0,4.0,4.0,4.0
c1203_1110_03,2.425,1.359,100.0,300,0.0,0.0,0.0,13.0,0.0,0.0,0.0,0.0,0.0,4.0,4.0,4.0,4.0,4.0
c1203_1110_03,2.425,1.359,100.0,400,0.0,0.0,13.0,18.0,0.0,0.0,0.0,0.0,0.0,3.5806451612903225,4.0,4.0,3.0,4.0
c1203_1110_03,2.425,1.359,100.0,500,0.0,0.0,13.0,22.0,0.0,0.0,0.0,0.0,0.0,3.6285714285714286,4.0,4.0,3.0,4.0
c1203_1110_03,2.425,1.359,100.0,600,0.0,0.0,12.0,14.0,2.0,1.0,1.0,0.0,0.0,3.8333333333333335,4.0,4.0,3.0,4.0
c1203_1110_03,2.425,1.359,100.0,700,0.0,0.0,11.0,27.0,2.0,2.0,0.0,0.0,0.0,3.880952380952381,4.0,4.0,3.25,4.0
c1203_1110_04,0.986,0.557,100.0,600,0.0,0.0,10.0,15.0,0.0,0.0,0.0,0.0,0.0,3.6,4.0,4.0,3.0,4.0
c1203_1110_04,0.986,0.557,100.0,700,0.0,0.0,8.0,18.0,4.0,3.0,0.0,2.0,0.0,4.285714285714286,4.0,4.0,4.0,4.5
c1203_1310_01,1.021,1.185,100.0,200,29.0,34.0,19.0,10.0,4.0,4.0,0.0,0.0,0.0,2.38,2.0,2.0,1.0,3.0
c1203_1310_01,1.021,1.185,100.0,300,17.0,46.0,18.0,8.0,4.0,4.0,2.0,1.0,0.0,2.61,2.0,2.0,2.0,3.0
c1203_1310_01,1.021,1.185,100.0,400,28.0,36.0,17.0,5.0,5.0,5.0,1.0,3.0,0.0,2.57,2.0,2.0,1.0,3.0
c1203_1310_01,1.021,1.185,100.0,500,21.0,39.0,20.0,12.0,5.0,2.0,1.0,0.0,0.0,2.51,2.0,2.0,2.0,3.0
c1203_1310_01,1.021,1.185,100.0,600,28.0,42.0,14.0,9.0,2.0,2.0,1.0,2.0,0.0,2.35,2.0,2.0,1.0,3.0
c1203_1310_01,1.021,1.185,100.0,700,27.0,34.0,16.0,9.0,7.0,1.0,1.0,5.0,0.0,2.67,2.0,2.0,1.0,3.0
c1203_1310_02,0.721,0.574,100.0,200,0.0,0.0,28.0,9.0,16.0,11.0,8.0,3.0,0.0,4.613333333333333,5.0,3.0,3.0,6.0
c1203_1310_02,0.721,0.574,100.0,300,0.0,0.0,23.0,26.0,20.0,14.0,5.0,4.0,0.0,4.608695652173913,4.0,4.0,3.75,5.25
c1203_1310_02,0.721,0.574,100.0,400,0.0,0.0,20.0,43.0,18.0,6.0,2.0,11.0,0.0,4.6,4.0,4.0,4.0,5.0
c1203_1310_02,0.721,0.574,100.0,500,0.0,0.0,23.0,44.0,16.0,11.0,4.0,2.0,0.0,4.35,4.0,4.0,4.0,5.0
c1203_1310_02,0.721,0.574,100.0,600,0.0,0.0,36.0,35.0,14.0,8.0,4.0,3.0,0.0,4.18,4.0,3.0,3.0,5.0
c1203_1310_02,0.721,0.574,100.0,700,0.0,13.0,18.0,33.0,25.0,6.0,2.0,3.0,0.0,4.11,4.0,4.0,3.0,5.0
c1203_1310_03,0.796,5264371.497,100.0,200,24.0,16.0,7.0,0.0,2.0,1.0,1.0,0.0,0.0,1.0,1.0,0.0,0.0,2.0
c1203_1310_03,0.796,5264371.497,100.0,300,21.0,13.0,7.0,1.0,1.0,0.0,0.0,0.0,0.0,0.77,0.0,0.0,0.0,1.0
c1203_1310_03,0.796,5264371.497,100.0,400,24.0,17.0,6.0,4.0,0.0,0.0,1.0,0.0,0.0,0.99,1.0,0.0,0.0,2.0
c1203_1310_03,0.796,5264371.497,100.0,500,25.0,18.0,9.0,5.0,0.0,0.0,0.0,0.0,0.0,1.08,1.0,0.0,0.0,2.0
c1203_1310_03,0.796,5264371.497,100.0,600,20.0,14.0,7.0,4.0,1.0,0.0,0.0,0.0,0.0,0.9,0.0,0.0,0.0,2.0
c1203_1310_03,0.796,5264371.497,100.0,700,24.0,13.0,1.0,2.0,2.0,0.0,0.0,0.0,0.0,0.71,0.0,0.0,0.0,1.0
c1203_1310_04,0.409,0.609,100.0,200,26.0,38.0,17.0,13.0,3.0,2.0,0.0,1.0,0.0,2.4,2.0,2.0,1.0,3.0
c1203_1310_04,0.409,0.609,100.0,300,31.0,34.0,14.0,14.0,3.0,1.0,1.0,2.0,0.0,2.41,2.0,2.0,1.0,3.0
c1203_1310_04,0.409,0.609,100.0,400,24.0,32.0,24.0,9.0,4.0,4.0,1.0,2.0,0.0,2.63,2.0,2.0,2.0,3.0
c1203_1310_04,0.409,0.609,100.0,500,0.0,39.0,34.0,10.0,7.0,8.0,1.0,1.0,0.0,3.18,3.0,2.0,2.0,4.0
c1203_1310_04,0.409,0.609,100.0,600,0.0,45.0,33.0,7.0,7.0,6.0,1.0,1.0,0.0,3.03,3.0,2.0,2.0,3.0
c1203_1310_04,0.409,0.609,100.0,700,0.0,54.0,25.0,9.0,6.0,3.0,3.0,0.0,0.0,2.88,2.0,2.0,2.0,3.0
c1203_1310_05,1.086,1.031,100.0,200,0.0,24.0,35.0,21.0,10.0,4.0,6.0,0.0,0.0,3.53,3.0,3.0,3.0,4.0
c1203_1310_05,1.086,1.031,100.0,300,0.0,26.0,41.0,16.0,10.0,4.0,2.0,1.0,0.0,3.35,3.0,3.0,2.0,4.0
c1203_1310_05,1.086,1.031,100.0,400,0.0,23.0,40.0,19.0,13.0,3.0,1.0,1.0,0.0,3.4,3.0,3.0,3.0,4.0
c1203_1310_05,1.086,1.031,100.0,500,0.0,17.0,45.0,16.0,10.0,12.0,0.0,0.0,0.0,3.55,3.0,3.0,3.0,4.0
c1203_1310_05,1.086,1.031,100.0,600,0.0,34.0,35.0,19.0,4.0,2.0,2.0,4.0,0.0,3.27,3.0,3.0,2.0,4.0
c1203_1310_05,1.086,1.031,100.0,700,0.0,23.0,42.0,19.0,5.0,2.0,4.0,5.0,0.0,3.53,3.0,3.0,3.0,4.0
c1203_1310_06,1.583,0.896,100.0,300,0.0,0.0,0.0,18.0,0.0,0.0,0.0,0.0,0.0,4.0,4.0,4.0,4.0,4.0
c1203_1310_06,1.583,0.896,100.0,400,0.0,0.0,21.0,16.0,0.0,0.0,0.0,0.0,0.0,3.4324324324324325,3.0,3.0,3.0,4.0
c1203_1310_06,1.583,0.896,100.0,500,0.0,0.0,7.0,14.0,0.0,0.0,0.0,0.0,0.0,3.6666666666666665,4.0,4.0,3.0,4.0
c1203_1310_06,1.583,0.896,100.0,600,0.0,0.0,16.0,20.0,1.0,2.0,1.0,0.0,0.0,3.8,4.0,4.0,3.0,4.0
c1203_1310_06,1.583,0.896,100.0,700,0.0,0.0,20.0,15.0,2.0,2.0,2.0,3.0,0.0,4.090909090909091,4.0,3.0,3.0,4.0
c1203_1410_01,0.983,1.002,100.0,200,0.0,40.0,25.0,14.0,14.0,4.0,0.0,3.0,0.0,3.29,3.0,2.0,2.0,4.0
c1203_1410_01,0.983,1.002,100.0,300,0.0,32.0,30.0,21.0,10.0,4.0,2.0,1.0,0.0,3.34,3.0,2.0,2.0,4.0
c1203_1410_01,0.983,1.002,100.0,400,0.0,31.0,32.0,20.0,8.0,3.0,3.0,3.0,0.0,3.41,3.0,3.0,2.0,4.0
c1203_1410_01,0.983,1.002,100.0,500,0.0,39.0,25.0,19.0,8.0,3.0,1.0,5.0,0.0,3.34,3.0,2.0,2.0,4.0
c1203_1410_01,0.983,1.002,100.0,600,0.0,37.0,31.0,15.0,11.0,3.0,2.0,1.0,0.0,3.22,3.0,2.0,2.0,4.0
c1203_1410_01,0.983,1.002,100.0,700,0.0,32.0,36.0,17.0,7.0,5.0,1.0,2.0,0.0,3.28,3.0,3.0,2.0,4.0
c1203_1410_02,0.739,0.575,100.0,200,0.0,0.0,20.0,9.0,10.0,7.0,1.0,2.0,0.0,4.3061224489795915,4.0,3.0,3.0,5.0
c1203_1410_02,0.739,0.575,100.0,300,0.0,0.0,24.0,21.0,22.0,8.0,5.0,4.0,0.0,4.535714285714286,4.0,3.0,3.0,5.0
c1203_1410_02,0.739,0.575,100.0,400,0.0,0.0,28.0,38.0,11.0,10.0,6.0,2.0,0.0,4.3052631578947365,4.0,4.0,3.0,5.0
c1203_1410_02,0.739,0.575,100.0,500,0.0,0.0,26.0,32.0,17.0,10.0,6.0,5.0,0.0,4.510416666666667,4.0,4.0,3.0,5.0
c1203_1410_02,0.739,0.575,100.0,600,0.0,0.0,29.0,38.0,16.0,9.0,6.0,2.0,0.0,4.31,4.0,4.0,3.0,5.0
c1203_1410_02,0.739,0.575,100.0,700,0.0,0.0,29.0,40.0,14.0,10.0,3.0,4.0,0.0,4.3,4.0,4.0,3.0,5.0
c1203_1410_03,0.839,0.726,100.0,200,0.0,23.0,15.0,32.0,12.0,9.0,6.0,3.0,0.0,3.99,4.0,4.0,3.0,5.0
c1203_1410_03,0.839,0.726,100.0,300,0.0,28.0,11.0,30.0,15.0,10.0,1.0,5.0,0.0,3.91,4.0,4.0,2.0,5.0
c1203_1410_03,0.839,0.726,100.0,400,0.0,34.0,12.0,25.0,14.0,9.0,3.0,3.0,0.0,3.73,4.0,2.0,2.0,5.0
c1203_1410_03,0.839,0.726,100.0,500,0.0,27.0,13.0,31.0,18.0,4.0,1.0,6.0,0.0,3.86,4.0,4.0,2.0,5.0
c1203_1410_03,0.839,0.726,100.0,600,0.0,36.0,14.0,26.0,17.0,2.0,3.0,2.0,0.0,3.52,3.5,2.0,2.0,4.0
c1203_1410_03,0.839,0.726,100.0,700,0.0,34.0,28.0,17.0,9.0,6.0,3.0,3.0,0.0,3.46,3.0,2.0,2.0,4.0
c1203_1410_05,0.6,1.958,100.0,200,26.0,9.0,7.0,10.0,2.0,1.0,0.0,0.0,0.0,1.21,1.0,0.0,0.0,2.0
c1203_1410_05,0.6,1.958,100.0,300,24.0,15.0,6.0,2.0,1.0,1.0,1.0,1.0,0.0,1.06,1.0,0.0,0.0,2.0
c1203_1410_05,0.6,1.958,100.0,400,28.0,10.0,6.0,3.0,0.0,2.0,1.0,1.0,0.0,1.05,1.0,0.0,0.0,1.0
c1203_1410_05,0.6,1.958,100.0,500,19.0,9.0,6.0,3.0,2.0,3.0,0.0,0.0,0.0,0.95,0.0,0.0,0.0,1.0
c1203_1410_05,0.6,1.958,100.0,600,21.0,10.0,5.0,3.0,3.0,1.0,1.0,0.0,0.0,0.96,0.0,0.0,0.0,1.0
c1203_1410_05,0.6,1.958,100.0,700,28.0,13.0,3.0,2.0,1.0,2.0,1.0,0.0,0.0,0.95,0.5,0.0,0.0,1.0
