Simulation,Run,Trial,Gain_outcome,Loss_outcome,Gain_utility,Loss_utility,Probability,Conflict_or_not,Bet_or_quit,Win_or_lose,Chip,Incentive
0.0,0.0,0.0,700.0,0.0,0.07030945837093326,0.007030945837093326,1.0,Not_conflict,bet,lose,1400.0,
0.0,0.0,1.0,1400.0,-28.0,0.21506767262158713,0.06452030178647614,1.0,Conflict,bet,win,2100.0,
0.0,0.0,2.0,2450.0,-547.0,0.5303902206014364,0.2651951103007182,1.0,Conflict,bet,win,3500.0,
0.0,0.0,3.0,4200.0,-6966.0,1.2652365207425837,0.8856655645198086,1.0,Conflict,bet,lose,-5216.0,-6966
1.0,0.0,0.0,700.0,0.0,0.07030945837093326,0.007030945837093326,1.0,Not_conflict,bet,lose,1400.0,
1.0,0.0,1.0,1400.0,-28.0,0.21506767262158713,0.06452030178647614,1.0,Conflict,bet,win,2100.0,
1.0,0.0,2.0,2450.0,-547.0,0.5303902206014364,0.2651951103007182,1.0,Conflict,bet,win,3500.0,
1.0,0.0,3.0,4200.0,-6966.0,1.2652365207425837,0.8856655645198086,1.0,Conflict,bet,win,5950.0,
1.0,0.0,4.0,7175.0,-73231.0,3.001313400007279,2.701182060006551,1.0,Conflict,bet,lose,-70256.0,-73231
2.0,0.0,0.0,700.0,0.0,0.07030945837093326,0.007030945837093326,1.0,Not_conflict,bet,win,2100.0,
2.0,0.0,1.0,1750.0,-59.0,0.308241412646708,0.0924724237940124,1.0,Conflict,bet,lose,991.0,
2.0,0.0,2.0,2246.0,-407.0,0.460993225909791,0.2304966129548955,1.0,Conflict,bet,win,2741.5,
2.0,0.0,3.0,3617.0,-4189.0,0.9942297596268991,0.6959608317388293,1.0,Conflict,bet,lose,-2818.25,-4189
3.0,0.0,0.0,700.0,0.0,0.07030945837093326,0.007030945837093326,1.0,Not_conflict,bet,win,2100.0,
3.0,0.0,1.0,1750.0,-59.0,0.308241412646708,0.0924724237940124,1.0,Conflict,bet,win,2800.0,
3.0,0.0,2.0,3150.0,-1287.0,0.7955098053622762,0.3977549026811381,1.0,Conflict,bet,win,4550.0,
3.0,0.0,3.0,5425.0,-16643.0,1.9118657736605906,1.3383060415624133,1.0,Conflict,bet,lose,-14368.0,-16643
4.0,0.0,0.0,700.0,0.0,0.07030945837093326,0.007030945837093326,1.0,Not_conflict,bet,lose,1400.0,
4.0,0.0,1.0,1400.0,-28.0,0.21506767262158713,0.06452030178647614,1.0,Conflict,bet,win,2100.0,
4.0,0.0,2.0,2450.0,-547.0,0.5303902206014364,0.2651951103007182,1.0,Conflict,bet,lose,503.0,
4.0,0.0,3.0,2702.0,-1553.0,0.6211250930221993,0.4347875651155395,1.0,Conflict,bet,win,2953.5,
4.0,0.0,4.0,4179.0,-11637.0,1.255048036139844,1.1295432325258596,1.0,Conflict,bet,lose,-10160.25,-11637
5.0,0.0,0.0,700.0,0.0,0.07030945837093326,0.007030945837093326,1.0,Not_conflict,bet,win,2100.0,
5.0,0.0,1.0,1750.0,-59.0,0.308241412646708,0.0924724237940124,1.0,Conflict,bet,win,2800.0,
5.0,0.0,2.0,3150.0,-1287.0,0.7955098053622762,0.3977549026811381,1.0,Conflict,bet,lose,113.0,
5.0,0.0,3.0,3206.0,-2779.0,0.8184455060061641,0.5729118542043148,1.0,Conflict,bet,win,3262.5,
5.0,0.0,4.0,4837.0,-19140.0,1.5888827233211607,1.4299944509890445,1.0,Conflict,bet,win,6468.25,
5.0,0.0,5.0,8071.0,-136502.0,3.6286445231867552,3.6286445231867552,1.0,Conflict,bet,win,11305.125,
5.0,0.0,6.0,13724.0,-1016311.0,8.543326381118295,9.397659019230124,1.0,Conflict,bet,win,19376.5625,
5.0,0.0,7.0,23412.0,-8900795.0,20.219710780692296,26.285624014899984,1.0,Conflict,bet,lose,-8891106.71875,-8900795
6.0,0.0,0.0,700.0,0.0,0.07030945837093326,0.007030945837093326,1.0,Not_conflict,bet,win,2100.0,
6.0,0.0,1.0,1750.0,-59.0,0.308241412646708,0.0924724237940124,1.0,Conflict,bet,win,2800.0,
6.0,0.0,2.0,3150.0,-1287.0,0.7955098053622762,0.3977549026811381,1.0,Conflict,bet,lose,113.0,
6.0,0.0,3.0,3206.0,-2779.0,0.8184455060061641,0.5729118542043148,1.0,Conflict,bet,lose,-2722.5,-2779
7.0,0.0,0.0,700.0,0.0,0.07030945837093326,0.007030945837093326,1.0,Not_conflict,bet,lose,1400.0,
7.0,0.0,1.0,1400.0,-28.0,0.21506767262158713,0.06452030178647614,1.0,Conflict,bet,lose,672.0,
7.0,0.0,2.0,1736.0,-169.0,0.3042736284966893,0.15213681424834466,1.0,Conflict,bet,win,2072.0,
7.0,0.0,3.0,2772.0,-1694.0,0.647285811301817,0.45310006791127183,1.0,Conflict,bet,lose,-658.0,-1694
8.0,0.0,0.0,700.0,0.0,0.07030945837093326,0.007030945837093326,1.0,Not_conflict,bet,win,2100.0,
8.0,0.0,1.0,1750.0,-59.0,0.308241412646708,0.0924724237940124,1.0,Conflict,bet,win,2800.0,
8.0,0.0,2.0,3150.0,-1287.0,0.7955098053622762,0.3977549026811381,1.0,Conflict,bet,win,4550.0,
8.0,0.0,3.0,5425.0,-16643.0,1.9118657736605906,1.3383060415624133,1.0,Conflict,bet,win,7700.0,
8.0,0.0,4.0,9275.0,-175427.0,4.540963007864979,4.086866707078482,1.0,Conflict,bet,win,13125.0,
8.0,0.0,5.0,15838.0,-1353414.0,10.76433636121733,10.76433636121733,1.0,Conflict,bet,lose,-1346851.5,-1353414
9.0,0.0,0.0,700.0,0.0,0.07030945837093326,0.007030945837093326,1.0,Not_conflict,bet,win,2100.0,
9.0,0.0,1.0,1750.0,-59.0,0.308241412646708,0.0924724237940124,1.0,Conflict,bet,lose,991.0,
9.0,0.0,2.0,2246.0,-407.0,0.460993225909791,0.2304966129548955,1.0,Conflict,bet,win,2741.5,
9.0,0.0,3.0,3617.0,-4189.0,0.9942297596268991,0.6959608317388293,1.0,Conflict,bet,win,4987.75,
9.0,0.0,4.0,6111.0,-42411.0,2.316699620136784,2.085029658123106,1.0,Conflict,bet,lose,-39917.125,-42411
10.0,0.0,0.0,700.0,0.0,0.07030945837093326,0.007030945837093326,1.0,Not_conflict,bet,lose,1400.0,
10.0,0.0,1.0,1400.0,-28.0,0.21506767262158713,0.06452030178647614,1.0,Conflict,bet,win,2100.0,
10.0,0.0,2.0,2450.0,-547.0,0.5303902206014364,0.2651951103007182,1.0,Conflict,bet,lose,503.0,
10.0,0.0,3.0,2702.0,-1553.0,0.6211250930221993,0.4347875651155395,1.0,Conflict,bet,lose,-1301.5,-1553
11.0,0.0,0.0,700.0,0.0,0.07030945837093326,0.007030945837093326,1.0,Not_conflict,bet,win,2100.0,
11.0,0.0,1.0,1750.0,-59.0,0.308241412646708,0.0924724237940124,1.0,Conflict,bet,win,2800.0,
11.0,0.0,2.0,3150.0,-1287.0,0.7955098053622762,0.3977549026811381,1.0,Conflict,bet,lose,113.0,
11.0,0.0,3.0,3206.0,-2779.0,0.8184455060061641,0.5729118542043148,1.0,Conflict,bet,win,3262.5,
11.0,0.0,4.0,4837.0,-19140.0,1.5888827233211607,1.4299944509890445,1.0,Conflict,bet,win,6468.25,
11.0,0.0,5.0,8071.0,-136502.0,3.6286445231867552,3.6286445231867552,1.0,Conflict,bet,lose,-133267.875,-136502
12.0,0.0,0.0,700.0,0.0,0.07030945837093326,0.007030945837093326,1.0,Not_conflict,bet,lose,1400.0,
12.0,0.0,1.0,1400.0,-28.0,0.21506767262158713,0.06452030178647614,1.0,Conflict,bet,lose,672.0,
12.0,0.0,2.0,1736.0,-169.0,0.3042736284966893,0.15213681424834466,1.0,Conflict,bet,lose,167.0,
12.0,0.0,3.0,1820.0,-405.0,0.3283717312277239,0.22986021185940672,1.0,Conflict,bet,lose,-321.5,-405
13.0,0.0,0.0,700.0,0.0,0.07030945837093326,0.007030945837093326,1.0,Not_conflict,bet,lose,1400.0,
13.0,0.0,1.0,1400.0,-28.0,0.21506767262158713,0.06452030178647614,1.0,Conflict,bet,win,2100.0,
13.0,0.0,2.0,2450.0,-547.0,0.5303902206014364,0.2651951103007182,1.0,Conflict,bet,win,3500.0,
13.0,0.0,3.0,4200.0,-6966.0,1.2652365207425837,0.8856655645198086,1.0,Conflict,bet,lose,-5216.0,-6966
14.0,0.0,0.0,700.0,0.0,0.07030945837093326,0.007030945837093326,1.0,Not_conflict,bet,lose,1400.0,
14.0,0.0,1.0,1400.0,-28.0,0.21506767262158713,0.06452030178647614,1.0,Conflict,bet,win,2100.0,
14.0,0.0,2.0,2450.0,-547.0,0.5303902206014364,0.2651951103007182,1.0,Conflict,bet,win,3500.0,
14.0,0.0,3.0,4200.0,-6966.0,1.2652365207425837,0.8856655645198086,1.0,Conflict,bet,win,5950.0,
14.0,0.0,4.0,7175.0,-73231.0,3.001313400007279,2.701182060006551,1.0,Conflict,bet,win,10150.0,
14.0,0.0,5.0,12250.0,-564655.0,7.11269399781288,7.11269399781288,1.0,Conflict,bet,win,17325.0,
14.0,0.0,6.0,20912.0,-4260665.0,16.85266813207296,18.53793494528026,1.0,Conflict,bet,win,29574.5,
14.0,0.0,7.0,35699.0,-37403268.0,39.93050693692777,51.9096590180061,1.0,Conflict,bet,lose,-37388480.75,-37403268
15.0,0.0,0.0,700.0,0.0,0.07030945837093326,0.007030945837093326,1.0,Not_conflict,bet,win,2100.0,
15.0,0.0,1.0,1750.0,-59.0,0.308241412646708,0.0924724237940124,1.0,Conflict,bet,win,2800.0,
15.0,0.0,2.0,3150.0,-1287.0,0.7955098053622762,0.3977549026811381,1.0,Conflict,bet,lose,113.0,
15.0,0.0,3.0,3206.0,-2779.0,0.8184455060061641,0.5729118542043148,1.0,Conflict,bet,lose,-2722.5,-2779
16.0,0.0,0.0,700.0,0.0,0.07030945837093326,0.007030945837093326,1.0,Not_conflict,bet,lose,1400.0,
16.0,0.0,1.0,1400.0,-28.0,0.21506767262158713,0.06452030178647614,1.0,Conflict,bet,win,2100.0,
16.0,0.0,2.0,2450.0,-547.0,0.5303902206014364,0.2651951103007182,1.0,Conflict,bet,lose,503.0,
16.0,0.0,3.0,2702.0,-1553.0,0.6211250930221993,0.4347875651155395,1.0,Conflict,bet,lose,-1301.5,-1553
17.0,0.0,0.0,700.0,0.0,0.07030945837093326,0.007030945837093326,1.0,Not_conflict,bet,lose,1400.0,
17.0,0.0,1.0,1400.0,-28.0,0.21506767262158713,0.06452030178647614,1.0,Conflict,bet,win,2100.0,
17.0,0.0,2.0,2450.0,-547.0,0.5303902206014364,0.2651951103007182,1.0,Conflict,bet,win,3500.0,
17.0,0.0,3.0,4200.0,-6966.0,1.2652365207425837,0.8856655645198086,1.0,Conflict,bet,win,5950.0,
17.0,0.0,4.0,7175.0,-73231.0,3.001313400007279,2.701182060006551,1.0,Conflict,bet,win,10150.0,
17.0,0.0,5.0,12250.0,-564655.0,7.11269399781288,7.11269399781288,1.0,Conflict,bet,lose,-559580.0,-564655
18.0,0.0,0.0,700.0,0.0,0.07030945837093326,0.007030945837093326,1.0,Not_conflict,bet,lose,1400.0,
18.0,0.0,1.0,1400.0,-28.0,0.21506767262158713,0.06452030178647614,1.0,Conflict,bet,win,2100.0,
18.0,0.0,2.0,2450.0,-547.0,0.5303902206014364,0.2651951103007182,1.0,Conflict,bet,win,3500.0,
18.0,0.0,3.0,4200.0,-6966.0,1.2652365207425837,0.8856655645198086,1.0,Conflict,bet,win,5950.0,
18.0,0.0,4.0,7175.0,-73231.0,3.001313400007279,2.701182060006551,1.0,Conflict,bet,lose,-70256.0,-73231
19.0,0.0,0.0,700.0,0.0,0.07030945837093326,0.007030945837093326,1.0,Not_conflict,bet,win,2100.0,
19.0,0.0,1.0,1750.0,-59.0,0.308241412646708,0.0924724237940124,1.0,Conflict,bet,lose,991.0,
19.0,0.0,2.0,2246.0,-407.0,0.460993225909791,0.2304966129548955,1.0,Conflict,bet,win,2741.5,
19.0,0.0,3.0,3617.0,-4189.0,0.9942297596268991,0.6959608317388293,1.0,Conflict,bet,win,4987.75,
19.0,0.0,4.0,6111.0,-42411.0,2.316699620136784,2.085029658123106,1.0,Conflict,bet,win,8604.875,
19.0,0.0,5.0,10413.0,-324840.0,5.472937511702449,5.472937511702449,1.0,Conflict,bet,win,14715.4375,
19.0,0.0,6.0,17771.0,-2448748.0,12.961517635236582,14.25766939876024,1.0,Conflict,bet,win,25128.71875,
19.0,0.0,7.0,30335.0,-21492143.0,30.70762897875431,39.919917672380606,1.0,Conflict,bet,win,42899.359375,
19.0,0.0,8.0,51785.0,-179375606.0,72.75814776218238,109.13722164327356,1.0,Conflict,bet,lose,42899.359375,-179375606
20.0,0.0,0.0,700.0,0.0,0.07030945837093326,0.007030945837093326,1.0,Not_conflict,bet,win,2100.0,
20.0,0.0,1.0,1750.0,-59.0,0.308241412646708,0.0924724237940124,1.0,Conflict,bet,lose,991.0,
20.0,0.0,2.0,2246.0,-407.0,0.460993225909791,0.2304966129548955,1.0,Conflict,bet,lose,88.5,
20.0,0.0,3.0,2290.0,-884.0,0.4756475310944046,0.3329532717660832,1.0,Conflict,bet,win,2334.25,
20.0,0.0,4.0,3457.0,-6103.0,0.9242569245904699,0.831831232131423,1.0,Conflict,bet,lose,-4935.875,-6103
21.0,0.0,0.0,700.0,0.0,0.07030945837093326,0.007030945837093326,1.0,Not_conflict,bet,win,2100.0,
21.0,0.0,1.0,1750.0,-59.0,0.308241412646708,0.0924724237940124,1.0,Conflict,bet,win,2800.0,
21.0,0.0,2.0,3150.0,-1287.0,0.7955098053622762,0.3977549026811381,1.0,Conflict,bet,win,4550.0,
21.0,0.0,3.0,5425.0,-16643.0,1.9118657736605906,1.3383060415624133,1.0,Conflict,bet,lose,-14368.0,-16643
22.0,0.0,0.0,700.0,0.0,0.07030945837093326,0.007030945837093326,1.0,Not_conflict,bet,win,2100.0,
22.0,0.0,1.0,1750.0,-59.0,0.308241412646708,0.0924724237940124,1.0,Conflict,bet,win,2800.0,
22.0,0.0,2.0,3150.0,-1287.0,0.7955098053622762,0.3977549026811381,1.0,Conflict,bet,win,4550.0,
22.0,0.0,3.0,5425.0,-16643.0,1.9118657736605906,1.3383060415624133,1.0,Conflict,bet,win,7700.0,
22.0,0.0,4.0,9275.0,-175427.0,4.540963007864979,4.086866707078482,1.0,Conflict,bet,lose,-171577.0,-175427
23.0,0.0,0.0,700.0,0.0,0.07030945837093326,0.007030945837093326,1.0,Not_conflict,bet,lose,1400.0,
23.0,0.0,1.0,1400.0,-28.0,0.21506767262158713,0.06452030178647614,1.0,Conflict,bet,lose,672.0,
23.0,0.0,2.0,1736.0,-169.0,0.3042736284966893,0.15213681424834466,1.0,Conflict,bet,lose,167.0,
23.0,0.0,3.0,1820.0,-405.0,0.3283717312277239,0.22986021185940672,1.0,Conflict,bet,lose,-321.5,-405
24.0,0.0,0.0,700.0,0.0,0.07030945837093326,0.007030945837093326,1.0,Not_conflict,bet,win,2100.0,
24.0,0.0,1.0,1750.0,-59.0,0.308241412646708,0.0924724237940124,1.0,Conflict,bet,win,2800.0,
24.0,0.0,2.0,3150.0,-1287.0,0.7955098053622762,0.3977549026811381,1.0,Conflict,bet,lose,113.0,
24.0,0.0,3.0,3206.0,-2779.0,0.8184455060061641,0.5729118542043148,1.0,Conflict,bet,lose,-2722.5,-2779
25.0,0.0,0.0,700.0,0.0,0.07030945837093326,0.007030945837093326,1.0,Not_conflict,bet,lose,1400.0,
25.0,0.0,1.0,1400.0,-28.0,0.21506767262158713,0.06452030178647614,1.0,Conflict,bet,win,2100.0,
25.0,0.0,2.0,2450.0,-547.0,0.5303902206014364,0.2651951103007182,1.0,Conflict,bet,lose,503.0,
25.0,0.0,3.0,2702.0,-1553.0,0.6211250930221993,0.4347875651155395,1.0,Conflict,bet,win,2953.5,
25.0,0.0,4.0,4179.0,-11637.0,1.255048036139844,1.1295432325258596,1.0,Conflict,bet,win,5655.75,
25.0,0.0,5.0,7007.0,-84375.0,2.8887763460592324,2.8887763460592324,1.0,Conflict,bet,lose,-81547.125,-84375
26.0,0.0,0.0,700.0,0.0,0.07030945837093326,0.007030945837093326,1.0,Not_conflict,bet,lose,1400.0,
26.0,0.0,1.0,1400.0,-28.0,0.21506767262158713,0.06452030178647614,1.0,Conflict,bet,lose,672.0,
26.0,0.0,2.0,1736.0,-169.0,0.3042736284966893,0.15213681424834466,1.0,Conflict,bet,win,2072.0,
26.0,0.0,3.0,2772.0,-1694.0,0.647285811301817,0.45310006791127183,1.0,Conflict,bet,win,3808.0,
26.0,0.0,4.0,4676.0,-17058.0,1.5044514815363799,1.354006333382742,1.0,Conflict,bet,win,6580.0,
26.0,0.0,5.0,7966.0,-130552.0,3.5528037704139437,3.5528037704139437,1.0,Conflict,bet,lose,-127262.0,-130552
27.0,0.0,0.0,700.0,0.0,0.07030945837093326,0.007030945837093326,1.0,Not_conflict,bet,win,2100.0,
27.0,0.0,1.0,1750.0,-59.0,0.308241412646708,0.0924724237940124,1.0,Conflict,bet,win,2800.0,
27.0,0.0,2.0,3150.0,-1287.0,0.7955098053622762,0.3977549026811381,1.0,Conflict,bet,lose,113.0,
27.0,0.0,3.0,3206.0,-2779.0,0.8184455060061641,0.5729118542043148,1.0,Conflict,bet,win,3262.5,
27.0,0.0,4.0,4837.0,-19140.0,1.5888827233211607,1.4299944509890445,1.0,Conflict,bet,win,6468.25,
27.0,0.0,5.0,8071.0,-136502.0,3.6286445231867552,3.6286445231867552,1.0,Conflict,bet,win,11305.125,
27.0,0.0,6.0,13724.0,-1016311.0,8.543326381118295,9.397659019230124,1.0,Conflict,bet,win,19376.5625,
27.0,0.0,7.0,23412.0,-8900795.0,20.219710780692296,26.285624014899984,1.0,Conflict,bet,lose,-8891106.71875,-8900795
28.0,0.0,0.0,700.0,0.0,0.07030945837093326,0.007030945837093326,1.0,Not_conflict,bet,lose,1400.0,
28.0,0.0,1.0,1400.0,-28.0,0.21506767262158713,0.06452030178647614,1.0,Conflict,bet,win,2100.0,
28.0,0.0,2.0,2450.0,-547.0,0.5303902206014364,0.2651951103007182,1.0,Conflict,bet,lose,503.0,
28.0,0.0,3.0,2702.0,-1553.0,0.6211250930221993,0.4347875651155395,1.0,Conflict,bet,win,2953.5,
28.0,0.0,4.0,4179.0,-11637.0,1.255048036139844,1.1295432325258596,1.0,Conflict,bet,lose,-10160.25,-11637
29.0,0.0,0.0,700.0,0.0,0.07030945837093326,0.007030945837093326,1.0,Not_conflict,bet,win,2100.0,
29.0,0.0,1.0,1750.0,-59.0,0.308241412646708,0.0924724237940124,1.0,Conflict,bet,win,2800.0,
29.0,0.0,2.0,3150.0,-1287.0,0.7955098053622762,0.3977549026811381,1.0,Conflict,bet,lose,113.0,
29.0,0.0,3.0,3206.0,-2779.0,0.8184455060061641,0.5729118542043148,1.0,Conflict,bet,win,3262.5,
29.0,0.0,4.0,4837.0,-19140.0,1.5888827233211607,1.4299944509890445,1.0,Conflict,bet,lose,-17508.75,-19140
30.0,0.0,0.0,700.0,0.0,0.07030945837093326,0.007030945837093326,1.0,Not_conflict,bet,win,2100.0,
30.0,0.0,1.0,1750.0,-59.0,0.308241412646708,0.0924724237940124,1.0,Conflict,bet,lose,991.0,
30.0,0.0,2.0,2246.0,-407.0,0.460993225909791,0.2304966129548955,1.0,Conflict,bet,lose,88.5,
30.0,0.0,3.0,2290.0,-884.0,0.4756475310944046,0.3329532717660832,1.0,Conflict,bet,lose,-839.75,-884
31.0,0.0,0.0,700.0,0.0,0.07030945837093326,0.007030945837093326,1.0,Not_conflict,bet,win,2100.0,
31.0,0.0,1.0,1750.0,-59.0,0.308241412646708,0.0924724237940124,1.0,Conflict,bet,lose,991.0,
31.0,0.0,2.0,2246.0,-407.0,0.460993225909791,0.2304966129548955,1.0,Conflict,bet,lose,88.5,
31.0,0.0,3.0,2290.0,-884.0,0.4756475310944046,0.3329532717660832,1.0,Conflict,bet,win,2334.25,
31.0,0.0,4.0,3457.0,-6103.0,0.9242569245904699,0.831831232131423,1.0,Conflict,bet,lose,-4935.875,-6103
32.0,0.0,0.0,700.0,0.0,0.07030945837093326,0.007030945837093326,1.0,Not_conflict,bet,win,2100.0,
32.0,0.0,1.0,1750.0,-59.0,0.308241412646708,0.0924724237940124,1.0,Conflict,bet,win,2800.0,
32.0,0.0,2.0,3150.0,-1287.0,0.7955098053622762,0.3977549026811381,1.0,Conflict,bet,lose,113.0,
32.0,0.0,3.0,3206.0,-2779.0,0.8184455060061641,0.5729118542043148,1.0,Conflict,bet,lose,-2722.5,-2779
33.0,0.0,0.0,700.0,0.0,0.07030945837093326,0.007030945837093326,1.0,Not_conflict,bet,win,2100.0,
33.0,0.0,1.0,1750.0,-59.0,0.308241412646708,0.0924724237940124,1.0,Conflict,bet,win,2800.0,
33.0,0.0,2.0,3150.0,-1287.0,0.7955098053622762,0.3977549026811381,1.0,Conflict,bet,lose,113.0,
33.0,0.0,3.0,3206.0,-2779.0,0.8184455060061641,0.5729118542043148,1.0,Conflict,bet,win,3262.5,
33.0,0.0,4.0,4837.0,-19140.0,1.5888827233211607,1.4299944509890445,1.0,Conflict,bet,win,6468.25,
33.0,0.0,5.0,8071.0,-136502.0,3.6286445231867552,3.6286445231867552,1.0,Conflict,bet,win,11305.125,
33.0,0.0,6.0,13724.0,-1016311.0,8.543326381118295,9.397659019230124,1.0,Conflict,bet,win,19376.5625,
33.0,0.0,7.0,23412.0,-8900795.0,20.219710780692296,26.285624014899984,1.0,Conflict,bet,lose,-8891106.71875,-8900795
34.0,0.0,0.0,700.0,0.0,0.07030945837093326,0.007030945837093326,1.0,Not_conflict,bet,win,2100.0,
34.0,0.0,1.0,1750.0,-59.0,0.308241412646708,0.0924724237940124,1.0,Conflict,bet,lose,991.0,
34.0,0.0,2.0,2246.0,-407.0,0.460993225909791,0.2304966129548955,1.0,Conflict,bet,lose,88.5,
34.0,0.0,3.0,2290.0,-884.0,0.4756475310944046,0.3329532717660832,1.0,Conflict,bet,win,2334.25,
34.0,0.0,4.0,3457.0,-6103.0,0.9242569245904699,0.831831232131423,1.0,Conflict,bet,lose,-4935.875,-6103
35.0,0.0,0.0,700.0,0.0,0.07030945837093326,0.007030945837093326,1.0,Not_conflict,bet,lose,1400.0,
35.0,0.0,1.0,1400.0,-28.0,0.21506767262158713,0.06452030178647614,1.0,Conflict,bet,win,2100.0,
35.0,0.0,2.0,2450.0,-547.0,0.5303902206014364,0.2651951103007182,1.0,Conflict,bet,lose,503.0,
35.0,0.0,3.0,2702.0,-1553.0,0.6211250930221993,0.4347875651155395,1.0,Conflict,bet,lose,-1301.5,-1553
36.0,0.0,0.0,700.0,0.0,0.07030945837093326,0.007030945837093326,1.0,Not_conflict,bet,lose,1400.0,
36.0,0.0,1.0,1400.0,-28.0,0.21506767262158713,0.06452030178647614,1.0,Conflict,bet,win,2100.0,
36.0,0.0,2.0,2450.0,-547.0,0.5303902206014364,0.2651951103007182,1.0,Conflict,bet,win,3500.0,
36.0,0.0,3.0,4200.0,-6966.0,1.2652365207425837,0.8856655645198086,1.0,Conflict,bet,lose,-5216.0,-6966
37.0,0.0,0.0,700.0,0.0,0.07030945837093326,0.007030945837093326,1.0,Not_conflict,bet,win,2100.0,
37.0,0.0,1.0,1750.0,-59.0,0.308241412646708,0.0924724237940124,1.0,Conflict,bet,win,2800.0,
37.0,0.0,2.0,3150.0,-1287.0,0.7955098053622762,0.3977549026811381,1.0,Conflict,bet,win,4550.0,
37.0,0.0,3.0,5425.0,-16643.0,1.9118657736605906,1.3383060415624133,1.0,Conflict,bet,lose,-14368.0,-16643
38.0,0.0,0.0,700.0,0.0,0.07030945837093326,0.007030945837093326,1.0,Not_conflict,bet,lose,1400.0,
38.0,0.0,1.0,1400.0,-28.0,0.21506767262158713,0.06452030178647614,1.0,Conflict,bet,lose,672.0,
38.0,0.0,2.0,1736.0,-169.0,0.3042736284966893,0.15213681424834466,1.0,Conflict,bet,lose,167.0,
38.0,0.0,3.0,1820.0,-405.0,0.3283717312277239,0.22986021185940672,1.0,Conflict,bet,win,1903.5,
38.0,0.0,4.0,2772.0,-2879.0,0.647285811301817,0.5825572301716353,1.0,Conflict,bet,win,3723.75,
38.0,0.0,5.0,4634.0,-20660.0,1.4827150278962646,1.4827150278962646,1.0,Conflict,bet,lose,-18798.125,-20660
39.0,0.0,0.0,700.0,0.0,0.07030945837093326,0.007030945837093326,1.0,Not_conflict,bet,win,2100.0,
39.0,0.0,1.0,1750.0,-59.0,0.308241412646708,0.0924724237940124,1.0,Conflict,bet,lose,991.0,
39.0,0.0,2.0,2246.0,-407.0,0.460993225909791,0.2304966129548955,1.0,Conflict,bet,win,2741.5,
39.0,0.0,3.0,3617.0,-4189.0,0.9942297596268991,0.6959608317388293,1.0,Conflict,bet,win,4987.75,
39.0,0.0,4.0,6111.0,-42411.0,2.316699620136784,2.085029658123106,1.0,Conflict,bet,win,8604.875,
39.0,0.0,5.0,10413.0,-324840.0,5.472937511702449,5.472937511702449,1.0,Conflict,bet,win,14715.4375,
39.0,0.0,6.0,17771.0,-2448748.0,12.961517635236582,14.25766939876024,1.0,Conflict,bet,lose,-2441390.28125,-2448748
40.0,0.0,0.0,700.0,0.0,0.07030945837093326,0.007030945837093326,1.0,Not_conflict,bet,lose,1400.0,
40.0,0.0,1.0,1400.0,-28.0,0.21506767262158713,0.06452030178647614,1.0,Conflict,bet,win,2100.0,
40.0,0.0,2.0,2450.0,-547.0,0.5303902206014364,0.2651951103007182,1.0,Conflict,bet,lose,503.0,
40.0,0.0,3.0,2702.0,-1553.0,0.6211250930221993,0.4347875651155395,1.0,Conflict,bet,lose,-1301.5,-1553
41.0,0.0,0.0,700.0,0.0,0.07030945837093326,0.007030945837093326,1.0,Not_conflict,bet,win,2100.0,
41.0,0.0,1.0,1750.0,-59.0,0.308241412646708,0.0924724237940124,1.0,Conflict,bet,win,2800.0,
41.0,0.0,2.0,3150.0,-1287.0,0.7955098053622762,0.3977549026811381,1.0,Conflict,bet,lose,113.0,
41.0,0.0,3.0,3206.0,-2779.0,0.8184455060061641,0.5729118542043148,1.0,Conflict,bet,win,3262.5,
41.0,0.0,4.0,4837.0,-19140.0,1.5888827233211607,1.4299944509890445,1.0,Conflict,bet,lose,-17508.75,-19140
42.0,0.0,0.0,700.0,0.0,0.07030945837093326,0.007030945837093326,1.0,Not_conflict,bet,lose,1400.0,
42.0,0.0,1.0,1400.0,-28.0,0.21506767262158713,0.06452030178647614,1.0,Conflict,bet,win,2100.0,
42.0,0.0,2.0,2450.0,-547.0,0.5303902206014364,0.2651951103007182,1.0,Conflict,bet,lose,503.0,
42.0,0.0,3.0,2702.0,-1553.0,0.6211250930221993,0.4347875651155395,1.0,Conflict,bet,win,2953.5,
42.0,0.0,4.0,4179.0,-11637.0,1.255048036139844,1.1295432325258596,1.0,Conflict,bet,win,5655.75,
42.0,0.0,5.0,7007.0,-84375.0,2.8887763460592324,2.8887763460592324,1.0,Conflict,bet,lose,-81547.125,-84375
43.0,0.0,0.0,700.0,0.0,0.07030945837093326,0.007030945837093326,1.0,Not_conflict,bet,lose,1400.0,
43.0,0.0,1.0,1400.0,-28.0,0.21506767262158713,0.06452030178647614,1.0,Conflict,bet,lose,672.0,
43.0,0.0,2.0,1736.0,-169.0,0.3042736284966893,0.15213681424834466,1.0,Conflict,bet,win,2072.0,
43.0,0.0,3.0,2772.0,-1694.0,0.647285811301817,0.45310006791127183,1.0,Conflict,bet,win,3808.0,
43.0,0.0,4.0,4676.0,-17058.0,1.5044514815363799,1.354006333382742,1.0,Conflict,bet,win,6580.0,
43.0,0.0,5.0,7966.0,-130552.0,3.5528037704139437,3.5528037704139437,1.0,Conflict,bet,win,11256.0,
43.0,0.0,6.0,13594.0,-983922.0,8.413171717695418,9.25448888946496,1.0,Conflict,bet,lose,-978294.0,-983922
44.0,0.0,0.0,700.0,0.0,0.07030945837093326,0.007030945837093326,1.0,Not_conflict,bet,win,2100.0,
44.0,0.0,1.0,1750.0,-59.0,0.308241412646708,0.0924724237940124,1.0,Conflict,bet,lose,991.0,
44.0,0.0,2.0,2246.0,-407.0,0.460993225909791,0.2304966129548955,1.0,Conflict,bet,win,2741.5,
44.0,0.0,3.0,3617.0,-4189.0,0.9942297596268991,0.6959608317388293,1.0,Conflict,bet,lose,-2818.25,-4189
45.0,0.0,0.0,700.0,0.0,0.07030945837093326,0.007030945837093326,1.0,Not_conflict,bet,lose,1400.0,
45.0,0.0,1.0,1400.0,-28.0,0.21506767262158713,0.06452030178647614,1.0,Conflict,bet,lose,672.0,
45.0,0.0,2.0,1736.0,-169.0,0.3042736284966893,0.15213681424834466,1.0,Conflict,bet,lose,167.0,
45.0,0.0,3.0,1820.0,-405.0,0.3283717312277239,0.22986021185940672,1.0,Conflict,bet,win,1903.5,
45.0,0.0,4.0,2772.0,-2879.0,0.647285811301817,0.5825572301716353,1.0,Conflict,bet,lose,-1927.25,-2879
46.0,0.0,0.0,700.0,0.0,0.07030945837093326,0.007030945837093326,1.0,Not_conflict,bet,lose,1400.0,
46.0,0.0,1.0,1400.0,-28.0,0.21506767262158713,0.06452030178647614,1.0,Conflict,bet,win,2100.0,
46.0,0.0,2.0,2450.0,-547.0,0.5303902206014364,0.2651951103007182,1.0,Conflict,bet,win,3500.0,
46.0,0.0,3.0,4200.0,-6966.0,1.2652365207425837,0.8856655645198086,1.0,Conflict,bet,win,5950.0,
46.0,0.0,4.0,7175.0,-73231.0,3.001313400007279,2.701182060006551,1.0,Conflict,bet,win,10150.0,
46.0,0.0,5.0,12250.0,-564655.0,7.11269399781288,7.11269399781288,1.0,Conflict,bet,win,17325.0,
46.0,0.0,6.0,20912.0,-4260665.0,16.85266813207296,18.53793494528026,1.0,Conflict,bet,lose,-4252002.5,-4260665
47.0,0.0,0.0,700.0,0.0,0.07030945837093326,0.007030945837093326,1.0,Not_conflict,bet,win,2100.0,
47.0,0.0,1.0,1750.0,-59.0,0.308241412646708,0.0924724237940124,1.0,Conflict,bet,lose,991.0,
47.0,0.0,2.0,2246.0,-407.0,0.460993225909791,0.2304966129548955,1.0,Conflict,bet,win,2741.5,
47.0,0.0,3.0,3617.0,-4189.0,0.9942297596268991,0.6959608317388293,1.0,Conflict,bet,lose,-2818.25,-4189
48.0,0.0,0.0,700.0,0.0,0.07030945837093326,0.007030945837093326,1.0,Not_conflict,bet,win,2100.0,
48.0,0.0,1.0,1750.0,-59.0,0.308241412646708,0.0924724237940124,1.0,Conflict,bet,lose,991.0,
48.0,0.0,2.0,2246.0,-407.0,0.460993225909791,0.2304966129548955,1.0,Conflict,bet,lose,88.5,
48.0,0.0,3.0,2290.0,-884.0,0.4756475310944046,0.3329532717660832,1.0,Conflict,bet,win,2334.25,
48.0,0.0,4.0,3457.0,-6103.0,0.9242569245904699,0.831831232131423,1.0,Conflict,bet,win,4624.125,
48.0,0.0,5.0,5769.0,-43541.0,2.1111825285850077,2.1111825285850077,1.0,Conflict,bet,win,8081.0625,
48.0,0.0,6.0,9810.0,-324217.0,4.970873631315784,5.467960994447362,1.0,Conflict,bet,lose,-320176.46875,-324217
49.0,0.0,0.0,700.0,0.0,0.07030945837093326,0.007030945837093326,1.0,Not_conflict,bet,lose,1400.0,
49.0,0.0,1.0,1400.0,-28.0,0.21506767262158713,0.06452030178647614,1.0,Conflict,bet,win,2100.0,
49.0,0.0,2.0,2450.0,-547.0,0.5303902206014364,0.2651951103007182,1.0,Conflict,bet,lose,503.0,
49.0,0.0,3.0,2702.0,-1553.0,0.6211250930221993,0.4347875651155395,1.0,Conflict,bet,win,2953.5,
49.0,0.0,4.0,4179.0,-11637.0,1.255048036139844,1.1295432325258596,1.0,Conflict,bet,lose,-10160.25,-11637
50.0,0.0,0.0,700.0,0.0,0.07030945837093326,0.007030945837093326,1.0,Not_conflict,bet,lose,1400.0,
50.0,0.0,1.0,1400.0,-28.0,0.21506767262158713,0.06452030178647614,1.0,Conflict,bet,win,2100.0,
50.0,0.0,2.0,2450.0,-547.0,0.5303902206014364,0.2651951103007182,1.0,Conflict,bet,win,3500.0,
50.0,0.0,3.0,4200.0,-6966.0,1.2652365207425837,0.8856655645198086,1.0,Conflict,bet,lose,-5216.0,-6966
51.0,0.0,0.0,700.0,0.0,0.07030945837093326,0.007030945837093326,1.0,Not_conflict,bet,win,2100.0,
51.0,0.0,1.0,1750.0,-59.0,0.308241412646708,0.0924724237940124,1.0,Conflict,bet,win,2800.0,
51.0,0.0,2.0,3150.0,-1287.0,0.7955098053622762,0.3977549026811381,1.0,Conflict,bet,win,4550.0,
51.0,0.0,3.0,5425.0,-16643.0,1.9118657736605906,1.3383060415624133,1.0,Conflict,bet,win,7700.0,
51.0,0.0,4.0,9275.0,-175427.0,4.540963007864979,4.086866707078482,1.0,Conflict,bet,lose,-171577.0,-175427
52.0,0.0,0.0,700.0,0.0,0.07030945837093326,0.007030945837093326,1.0,Not_conflict,bet,lose,1400.0,
52.0,0.0,1.0,1400.0,-28.0,0.21506767262158713,0.06452030178647614,1.0,Conflict,bet,lose,672.0,
52.0,0.0,2.0,1736.0,-169.0,0.3042736284966893,0.15213681424834466,1.0,Conflict,bet,lose,167.0,
52.0,0.0,3.0,1820.0,-405.0,0.3283717312277239,0.22986021185940672,1.0,Conflict,bet,lose,-321.5,-405
53.0,0.0,0.0,700.0,0.0,0.07030945837093326,0.007030945837093326,1.0,Not_conflict,bet,win,2100.0,
53.0,0.0,1.0,1750.0,-59.0,0.308241412646708,0.0924724237940124,1.0,Conflict,bet,lose,991.0,
53.0,0.0,2.0,2246.0,-407.0,0.460993225909791,0.2304966129548955,1.0,Conflict,bet,win,2741.5,
53.0,0.0,3.0,3617.0,-4189.0,0.9942297596268991,0.6959608317388293,1.0,Conflict,bet,win,4987.75,
53.0,0.0,4.0,6111.0,-42411.0,2.316699620136784,2.085029658123106,1.0,Conflict,bet,win,8604.875,
53.0,0.0,5.0,10413.0,-324840.0,5.472937511702449,5.472937511702449,1.0,Conflict,bet,lose,-320537.5625,-324840
54.0,0.0,0.0,700.0,0.0,0.07030945837093326,0.007030945837093326,1.0,Not_conflict,bet,lose,1400.0,
54.0,0.0,1.0,1400.0,-28.0,0.21506767262158713,0.06452030178647614,1.0,Conflict,bet,win,2100.0,
54.0,0.0,2.0,2450.0,-547.0,0.5303902206014364,0.2651951103007182,1.0,Conflict,bet,win,3500.0,
54.0,0.0,3.0,4200.0,-6966.0,1.2652365207425837,0.8856655645198086,1.0,Conflict,bet,lose,-5216.0,-6966
55.0,0.0,0.0,700.0,0.0,0.07030945837093326,0.007030945837093326,1.0,Not_conflict,bet,win,2100.0,
55.0,0.0,1.0,1750.0,-59.0,0.308241412646708,0.0924724237940124,1.0,Conflict,bet,win,2800.0,
55.0,0.0,2.0,3150.0,-1287.0,0.7955098053622762,0.3977549026811381,1.0,Conflict,bet,win,4550.0,
55.0,0.0,3.0,5425.0,-16643.0,1.9118657736605906,1.3383060415624133,1.0,Conflict,bet,lose,-14368.0,-16643
56.0,0.0,0.0,700.0,0.0,0.07030945837093326,0.007030945837093326,1.0,Not_conflict,bet,lose,1400.0,
56.0,0.0,1.0,1400.0,-28.0,0.21506767262158713,0.06452030178647614,1.0,Conflict,bet,win,2100.0,
56.0,0.0,2.0,2450.0,-547.0,0.5303902206014364,0.2651951103007182,1.0,Conflict,bet,lose,503.0,
56.0,0.0,3.0,2702.0,-1553.0,0.6211250930221993,0.4347875651155395,1.0,Conflict,bet,lose,-1301.5,-1553
57.0,0.0,0.0,700.0,0.0,0.07030945837093326,0.007030945837093326,1.0,Not_conflict,bet,lose,1400.0,
57.0,0.0,1.0,1400.0,-28.0,0.21506767262158713,0.06452030178647614,1.0,Conflict,bet,win,2100.0,
57.0,0.0,2.0,2450.0,-547.0,0.5303902206014364,0.2651951103007182,1.0,Conflict,bet,lose,503.0,
57.0,0.0,3.0,2702.0,-1553.0,0.6211250930221993,0.4347875651155395,1.0,Conflict,bet,win,2953.5,
57.0,0.0,4.0,4179.0,-11637.0,1.255048036139844,1.1295432325258596,1.0,Conflict,bet,lose,-10160.25,-11637
58.0,0.0,0.0,700.0,0.0,0.07030945837093326,0.007030945837093326,1.0,Not_conflict,bet,lose,1400.0,
58.0,0.0,1.0,1400.0,-28.0,0.21506767262158713,0.06452030178647614,1.0,Conflict,bet,win,2100.0,
58.0,0.0,2.0,2450.0,-547.0,0.5303902206014364,0.2651951103007182,1.0,Conflict,bet,lose,503.0,
58.0,0.0,3.0,2702.0,-1553.0,0.6211250930221993,0.4347875651155395,1.0,Conflict,bet,lose,-1301.5,-1553
59.0,0.0,0.0,700.0,0.0,0.07030945837093326,0.007030945837093326,1.0,Not_conflict,bet,lose,1400.0,
59.0,0.0,1.0,1400.0,-28.0,0.21506767262158713,0.06452030178647614,1.0,Conflict,bet,lose,672.0,
59.0,0.0,2.0,1736.0,-169.0,0.3042736284966893,0.15213681424834466,1.0,Conflict,bet,win,2072.0,
59.0,0.0,3.0,2772.0,-1694.0,0.647285811301817,0.45310006791127183,1.0,Conflict,bet,win,3808.0,
59.0,0.0,4.0,4676.0,-17058.0,1.5044514815363799,1.354006333382742,1.0,Conflict,bet,win,6580.0,
59.0,0.0,5.0,7966.0,-130552.0,3.5528037704139437,3.5528037704139437,1.0,Conflict,bet,lose,-127262.0,-130552
60.0,0.0,0.0,700.0,0.0,0.07030945837093326,0.007030945837093326,1.0,Not_conflict,bet,win,2100.0,
60.0,0.0,1.0,1750.0,-59.0,0.308241412646708,0.0924724237940124,1.0,Conflict,bet,lose,991.0,
60.0,0.0,2.0,2246.0,-407.0,0.460993225909791,0.2304966129548955,1.0,Conflict,bet,lose,88.5,
60.0,0.0,3.0,2290.0,-884.0,0.4756475310944046,0.3329532717660832,1.0,Conflict,bet,lose,-839.75,-884
61.0,0.0,0.0,700.0,0.0,0.07030945837093326,0.007030945837093326,1.0,Not_conflict,bet,lose,1400.0,
61.0,0.0,1.0,1400.0,-28.0,0.21506767262158713,0.06452030178647614,1.0,Conflict,bet,win,2100.0,
61.0,0.0,2.0,2450.0,-547.0,0.5303902206014364,0.2651951103007182,1.0,Conflict,bet,win,3500.0,
61.0,0.0,3.0,4200.0,-6966.0,1.2652365207425837,0.8856655645198086,1.0,Conflict,bet,win,5950.0,
61.0,0.0,4.0,7175.0,-73231.0,3.001313400007279,2.701182060006551,1.0,Conflict,bet,win,10150.0,
61.0,0.0,5.0,12250.0,-564655.0,7.11269399781288,7.11269399781288,1.0,Conflict,bet,win,17325.0,
61.0,0.0,6.0,20912.0,-4260665.0,16.85266813207296,18.53793494528026,1.0,Conflict,bet,win,29574.5,
61.0,0.0,7.0,35699.0,-37403268.0,39.93050693692777,51.9096590180061,1.0,Conflict,bet,lose,-37388480.75,-37403268
62.0,0.0,0.0,700.0,0.0,0.07030945837093326,0.007030945837093326,1.0,Not_conflict,bet,win,2100.0,
62.0,0.0,1.0,1750.0,-59.0,0.308241412646708,0.0924724237940124,1.0,Conflict,bet,win,2800.0,
62.0,0.0,2.0,3150.0,-1287.0,0.7955098053622762,0.3977549026811381,1.0,Conflict,bet,lose,113.0,
62.0,0.0,3.0,3206.0,-2779.0,0.8184455060061641,0.5729118542043148,1.0,Conflict,bet,win,3262.5,
62.0,0.0,4.0,4837.0,-19140.0,1.5888827233211607,1.4299944509890445,1.0,Conflict,bet,win,6468.25,
62.0,0.0,5.0,8071.0,-136502.0,3.6286445231867552,3.6286445231867552,1.0,Conflict,bet,lose,-133267.875,-136502
63.0,0.0,0.0,700.0,0.0,0.07030945837093326,0.007030945837093326,1.0,Not_conflict,bet,lose,1400.0,
63.0,0.0,1.0,1400.0,-28.0,0.21506767262158713,0.06452030178647614,1.0,Conflict,bet,win,2100.0,
63.0,0.0,2.0,2450.0,-547.0,0.5303902206014364,0.2651951103007182,1.0,Conflict,bet,win,3500.0,
63.0,0.0,3.0,4200.0,-6966.0,1.2652365207425837,0.8856655645198086,1.0,Conflict,bet,lose,-5216.0,-6966
64.0,0.0,0.0,700.0,0.0,0.07030945837093326,0.007030945837093326,1.0,Not_conflict,bet,win,2100.0,
64.0,0.0,1.0,1750.0,-59.0,0.308241412646708,0.0924724237940124,1.0,Conflict,bet,win,2800.0,
64.0,0.0,2.0,3150.0,-1287.0,0.7955098053622762,0.3977549026811381,1.0,Conflict,bet,win,4550.0,
64.0,0.0,3.0,5425.0,-16643.0,1.9118657736605906,1.3383060415624133,1.0,Conflict,bet,win,7700.0,
64.0,0.0,4.0,9275.0,-175427.0,4.540963007864979,4.086866707078482,1.0,Conflict,bet,win,13125.0,
64.0,0.0,5.0,15838.0,-1353414.0,10.76433636121733,10.76433636121733,1.0,Conflict,bet,lose,-1346851.5,-1353414
65.0,0.0,0.0,700.0,0.0,0.07030945837093326,0.007030945837093326,1.0,Not_conflict,bet,win,2100.0,
65.0,0.0,1.0,1750.0,-59.0,0.308241412646708,0.0924724237940124,1.0,Conflict,bet,lose,991.0,
65.0,0.0,2.0,2246.0,-407.0,0.460993225909791,0.2304966129548955,1.0,Conflict,bet,win,2741.5,
65.0,0.0,3.0,3617.0,-4189.0,0.9942297596268991,0.6959608317388293,1.0,Conflict,bet,win,4987.75,
65.0,0.0,4.0,6111.0,-42411.0,2.316699620136784,2.085029658123106,1.0,Conflict,bet,lose,-39917.125,-42411
66.0,0.0,0.0,700.0,0.0,0.07030945837093326,0.007030945837093326,1.0,Not_conflict,bet,lose,1400.0,
66.0,0.0,1.0,1400.0,-28.0,0.21506767262158713,0.06452030178647614,1.0,Conflict,bet,lose,672.0,
66.0,0.0,2.0,1736.0,-169.0,0.3042736284966893,0.15213681424834466,1.0,Conflict,bet,lose,167.0,
66.0,0.0,3.0,1820.0,-405.0,0.3283717312277239,0.22986021185940672,1.0,Conflict,bet,lose,-321.5,-405
67.0,0.0,0.0,700.0,0.0,0.07030945837093326,0.007030945837093326,1.0,Not_conflict,bet,win,2100.0,
67.0,0.0,1.0,1750.0,-59.0,0.308241412646708,0.0924724237940124,1.0,Conflict,bet,win,2800.0,
67.0,0.0,2.0,3150.0,-1287.0,0.7955098053622762,0.3977549026811381,1.0,Conflict,bet,lose,113.0,
67.0,0.0,3.0,3206.0,-2779.0,0.8184455060061641,0.5729118542043148,1.0,Conflict,bet,win,3262.5,
67.0,0.0,4.0,4837.0,-19140.0,1.5888827233211607,1.4299944509890445,1.0,Conflict,bet,lose,-17508.75,-19140
68.0,0.0,0.0,700.0,0.0,0.07030945837093326,0.007030945837093326,1.0,Not_conflict,bet,win,2100.0,
68.0,0.0,1.0,1750.0,-59.0,0.308241412646708,0.0924724237940124,1.0,Conflict,bet,win,2800.0,
68.0,0.0,2.0,3150.0,-1287.0,0.7955098053622762,0.3977549026811381,1.0,Conflict,bet,lose,113.0,
68.0,0.0,3.0,3206.0,-2779.0,0.8184455060061641,0.5729118542043148,1.0,Conflict,bet,lose,-2722.5,-2779
69.0,0.0,0.0,700.0,0.0,0.07030945837093326,0.007030945837093326,1.0,Not_conflict,bet,win,2100.0,
69.0,0.0,1.0,1750.0,-59.0,0.308241412646708,0.0924724237940124,1.0,Conflict,bet,win,2800.0,
69.0,0.0,2.0,3150.0,-1287.0,0.7955098053622762,0.3977549026811381,1.0,Conflict,bet,lose,113.0,
69.0,0.0,3.0,3206.0,-2779.0,0.8184455060061641,0.5729118542043148,1.0,Conflict,bet,lose,-2722.5,-2779
70.0,0.0,0.0,700.0,0.0,0.07030945837093326,0.007030945837093326,1.0,Not_conflict,bet,win,2100.0,
70.0,0.0,1.0,1750.0,-59.0,0.308241412646708,0.0924724237940124,1.0,Conflict,bet,win,2800.0,
70.0,0.0,2.0,3150.0,-1287.0,0.7955098053622762,0.3977549026811381,1.0,Conflict,bet,lose,113.0,
70.0,0.0,3.0,3206.0,-2779.0,0.8184455060061641,0.5729118542043148,1.0,Conflict,bet,lose,-2722.5,-2779
71.0,0.0,0.0,700.0,0.0,0.07030945837093326,0.007030945837093326,1.0,Not_conflict,bet,win,2100.0,
71.0,0.0,1.0,1750.0,-59.0,0.308241412646708,0.0924724237940124,1.0,Conflict,bet,lose,991.0,
71.0,0.0,2.0,2246.0,-407.0,0.460993225909791,0.2304966129548955,1.0,Conflict,bet,win,2741.5,
71.0,0.0,3.0,3617.0,-4189.0,0.9942297596268991,0.6959608317388293,1.0,Conflict,bet,win,4987.75,
71.0,0.0,4.0,6111.0,-42411.0,2.316699620136784,2.085029658123106,1.0,Conflict,bet,lose,-39917.125,-42411
72.0,0.0,0.0,700.0,0.0,0.07030945837093326,0.007030945837093326,1.0,Not_conflict,bet,lose,1400.0,
72.0,0.0,1.0,1400.0,-28.0,0.21506767262158713,0.06452030178647614,1.0,Conflict,bet,win,2100.0,
72.0,0.0,2.0,2450.0,-547.0,0.5303902206014364,0.2651951103007182,1.0,Conflict,bet,lose,503.0,
72.0,0.0,3.0,2702.0,-1553.0,0.6211250930221993,0.4347875651155395,1.0,Conflict,bet,lose,-1301.5,-1553
73.0,0.0,0.0,700.0,0.0,0.07030945837093326,0.007030945837093326,1.0,Not_conflict,bet,lose,1400.0,
73.0,0.0,1.0,1400.0,-28.0,0.21506767262158713,0.06452030178647614,1.0,Conflict,bet,lose,672.0,
73.0,0.0,2.0,1736.0,-169.0,0.3042736284966893,0.15213681424834466,1.0,Conflict,bet,win,2072.0,
73.0,0.0,3.0,2772.0,-1694.0,0.647285811301817,0.45310006791127183,1.0,Conflict,bet,win,3808.0,
73.0,0.0,4.0,4676.0,-17058.0,1.5044514815363799,1.354006333382742,1.0,Conflict,bet,lose,-15154.0,-17058
74.0,0.0,0.0,700.0,0.0,0.07030945837093326,0.007030945837093326,1.0,Not_conflict,bet,win,2100.0,
74.0,0.0,1.0,1750.0,-59.0,0.308241412646708,0.0924724237940124,1.0,Conflict,bet,win,2800.0,
74.0,0.0,2.0,3150.0,-1287.0,0.7955098053622762,0.3977549026811381,1.0,Conflict,bet,lose,113.0,
74.0,0.0,3.0,3206.0,-2779.0,0.8184455060061641,0.5729118542043148,1.0,Conflict,bet,win,3262.5,
74.0,0.0,4.0,4837.0,-19140.0,1.5888827233211607,1.4299944509890445,1.0,Conflict,bet,lose,-17508.75,-19140
75.0,0.0,0.0,700.0,0.0,0.07030945837093326,0.007030945837093326,1.0,Not_conflict,bet,win,2100.0,
75.0,0.0,1.0,1750.0,-59.0,0.308241412646708,0.0924724237940124,1.0,Conflict,bet,win,2800.0,
75.0,0.0,2.0,3150.0,-1287.0,0.7955098053622762,0.3977549026811381,1.0,Conflict,bet,win,4550.0,
75.0,0.0,3.0,5425.0,-16643.0,1.9118657736605906,1.3383060415624133,1.0,Conflict,bet,win,7700.0,
75.0,0.0,4.0,9275.0,-175427.0,4.540963007864979,4.086866707078482,1.0,Conflict,bet,lose,-171577.0,-175427
76.0,0.0,0.0,700.0,0.0,0.07030945837093326,0.007030945837093326,1.0,Not_conflict,bet,win,2100.0,
76.0,0.0,1.0,1750.0,-59.0,0.308241412646708,0.0924724237940124,1.0,Conflict,bet,lose,991.0,
76.0,0.0,2.0,2246.0,-407.0,0.460993225909791,0.2304966129548955,1.0,Conflict,bet,win,2741.5,
76.0,0.0,3.0,3617.0,-4189.0,0.9942297596268991,0.6959608317388293,1.0,Conflict,bet,win,4987.75,
76.0,0.0,4.0,6111.0,-42411.0,2.316699620136784,2.085029658123106,1.0,Conflict,bet,lose,-39917.125,-42411
77.0,0.0,0.0,700.0,0.0,0.07030945837093326,0.007030945837093326,1.0,Not_conflict,bet,win,2100.0,
77.0,0.0,1.0,1750.0,-59.0,0.308241412646708,0.0924724237940124,1.0,Conflict,bet,win,2800.0,
77.0,0.0,2.0,3150.0,-1287.0,0.7955098053622762,0.3977549026811381,1.0,Conflict,bet,lose,113.0,
77.0,0.0,3.0,3206.0,-2779.0,0.8184455060061641,0.5729118542043148,1.0,Conflict,bet,win,3262.5,
77.0,0.0,4.0,4837.0,-19140.0,1.5888827233211607,1.4299944509890445,1.0,Conflict,bet,lose,-17508.75,-19140
78.0,0.0,0.0,700.0,0.0,0.07030945837093326,0.007030945837093326,1.0,Not_conflict,bet,win,2100.0,
78.0,0.0,1.0,1750.0,-59.0,0.308241412646708,0.0924724237940124,1.0,Conflict,bet,win,2800.0,
78.0,0.0,2.0,3150.0,-1287.0,0.7955098053622762,0.3977549026811381,1.0,Conflict,bet,win,4550.0,
78.0,0.0,3.0,5425.0,-16643.0,1.9118657736605906,1.3383060415624133,1.0,Conflict,bet,win,7700.0,
78.0,0.0,4.0,9275.0,-175427.0,4.540963007864979,4.086866707078482,1.0,Conflict,bet,win,13125.0,
78.0,0.0,5.0,15838.0,-1353414.0,10.76433636121733,10.76433636121733,1.0,Conflict,bet,win,22400.5,
78.0,0.0,6.0,27038.0,-10213523.0,25.50618968177922,28.056808649957144,1.0,Conflict,bet,lose,-10202322.75,-10213523
79.0,0.0,0.0,700.0,0.0,0.07030945837093326,0.007030945837093326,1.0,Not_conflict,bet,win,2100.0,
79.0,0.0,1.0,1750.0,-59.0,0.308241412646708,0.0924724237940124,1.0,Conflict,bet,lose,991.0,
79.0,0.0,2.0,2246.0,-407.0,0.460993225909791,0.2304966129548955,1.0,Conflict,bet,win,2741.5,
79.0,0.0,3.0,3617.0,-4189.0,0.9942297596268991,0.6959608317388293,1.0,Conflict,bet,lose,-2818.25,-4189
80.0,0.0,0.0,700.0,0.0,0.07030945837093326,0.007030945837093326,1.0,Not_conflict,bet,win,2100.0,
80.0,0.0,1.0,1750.0,-59.0,0.308241412646708,0.0924724237940124,1.0,Conflict,bet,lose,991.0,
80.0,0.0,2.0,2246.0,-407.0,0.460993225909791,0.2304966129548955,1.0,Conflict,bet,lose,88.5,
80.0,0.0,3.0,2290.0,-884.0,0.4756475310944046,0.3329532717660832,1.0,Conflict,bet,win,2334.25,
80.0,0.0,4.0,3457.0,-6103.0,0.9242569245904699,0.831831232131423,1.0,Conflict,bet,win,4624.125,
80.0,0.0,5.0,5769.0,-43541.0,2.1111825285850077,2.1111825285850077,1.0,Conflict,bet,win,8081.0625,
80.0,0.0,6.0,9810.0,-324217.0,4.970873631315784,5.467960994447362,1.0,Conflict,bet,win,13850.53125,
80.0,0.0,7.0,16735.0,-2839452.0,11.764646843085236,15.294040896010808,1.0,Conflict,bet,lose,-2832526.734375,-2839452
81.0,0.0,0.0,700.0,0.0,0.07030945837093326,0.007030945837093326,1.0,Not_conflict,bet,lose,1400.0,
81.0,0.0,1.0,1400.0,-28.0,0.21506767262158713,0.06452030178647614,1.0,Conflict,bet,lose,672.0,
81.0,0.0,2.0,1736.0,-169.0,0.3042736284966893,0.15213681424834466,1.0,Conflict,bet,win,2072.0,
81.0,0.0,3.0,2772.0,-1694.0,0.647285811301817,0.45310006791127183,1.0,Conflict,bet,lose,-658.0,-1694
82.0,0.0,0.0,700.0,0.0,0.07030945837093326,0.007030945837093326,1.0,Not_conflict,bet,win,2100.0,
82.0,0.0,1.0,1750.0,-59.0,0.308241412646708,0.0924724237940124,1.0,Conflict,bet,lose,991.0,
82.0,0.0,2.0,2246.0,-407.0,0.460993225909791,0.2304966129548955,1.0,Conflict,bet,win,2741.5,
82.0,0.0,3.0,3617.0,-4189.0,0.9942297596268991,0.6959608317388293,1.0,Conflict,bet,win,4987.75,
82.0,0.0,4.0,6111.0,-42411.0,2.316699620136784,2.085029658123106,1.0,Conflict,bet,win,8604.875,
82.0,0.0,5.0,10413.0,-324840.0,5.472937511702449,5.472937511702449,1.0,Conflict,bet,lose,-320537.5625,-324840
83.0,0.0,0.0,700.0,0.0,0.07030945837093326,0.007030945837093326,1.0,Not_conflict,bet,win,2100.0,
83.0,0.0,1.0,1750.0,-59.0,0.308241412646708,0.0924724237940124,1.0,Conflict,bet,lose,991.0,
83.0,0.0,2.0,2246.0,-407.0,0.460993225909791,0.2304966129548955,1.0,Conflict,bet,win,2741.5,
83.0,0.0,3.0,3617.0,-4189.0,0.9942297596268991,0.6959608317388293,1.0,Conflict,bet,lose,-2818.25,-4189
84.0,0.0,0.0,700.0,0.0,0.07030945837093326,0.007030945837093326,1.0,Not_conflict,bet,lose,1400.0,
84.0,0.0,1.0,1400.0,-28.0,0.21506767262158713,0.06452030178647614,1.0,Conflict,bet,win,2100.0,
84.0,0.0,2.0,2450.0,-547.0,0.5303902206014364,0.2651951103007182,1.0,Conflict,bet,lose,503.0,
84.0,0.0,3.0,2702.0,-1553.0,0.6211250930221993,0.4347875651155395,1.0,Conflict,bet,lose,-1301.5,-1553
85.0,0.0,0.0,700.0,0.0,0.07030945837093326,0.007030945837093326,1.0,Not_conflict,bet,win,2100.0,
85.0,0.0,1.0,1750.0,-59.0,0.308241412646708,0.0924724237940124,1.0,Conflict,bet,win,2800.0,
85.0,0.0,2.0,3150.0,-1287.0,0.7955098053622762,0.3977549026811381,1.0,Conflict,bet,win,4550.0,
85.0,0.0,3.0,5425.0,-16643.0,1.9118657736605906,1.3383060415624133,1.0,Conflict,bet,lose,-14368.0,-16643
86.0,0.0,0.0,700.0,0.0,0.07030945837093326,0.007030945837093326,1.0,Not_conflict,bet,win,2100.0,
86.0,0.0,1.0,1750.0,-59.0,0.308241412646708,0.0924724237940124,1.0,Conflict,bet,win,2800.0,
86.0,0.0,2.0,3150.0,-1287.0,0.7955098053622762,0.3977549026811381,1.0,Conflict,bet,lose,113.0,
86.0,0.0,3.0,3206.0,-2779.0,0.8184455060061641,0.5729118542043148,1.0,Conflict,bet,lose,-2722.5,-2779
87.0,0.0,0.0,700.0,0.0,0.07030945837093326,0.007030945837093326,1.0,Not_conflict,bet,lose,1400.0,
87.0,0.0,1.0,1400.0,-28.0,0.21506767262158713,0.06452030178647614,1.0,Conflict,bet,lose,672.0,
87.0,0.0,2.0,1736.0,-169.0,0.3042736284966893,0.15213681424834466,1.0,Conflict,bet,lose,167.0,
87.0,0.0,3.0,1820.0,-405.0,0.3283717312277239,0.22986021185940672,1.0,Conflict,bet,win,1903.5,
87.0,0.0,4.0,2772.0,-2879.0,0.647285811301817,0.5825572301716353,1.0,Conflict,bet,win,3723.75,
87.0,0.0,5.0,4634.0,-20660.0,1.4827150278962646,1.4827150278962646,1.0,Conflict,bet,lose,-18798.125,-20660
88.0,0.0,0.0,700.0,0.0,0.07030945837093326,0.007030945837093326,1.0,Not_conflict,bet,win,2100.0,
88.0,0.0,1.0,1750.0,-59.0,0.308241412646708,0.0924724237940124,1.0,Conflict,bet,lose,991.0,
88.0,0.0,2.0,2246.0,-407.0,0.460993225909791,0.2304966129548955,1.0,Conflict,bet,win,2741.5,
88.0,0.0,3.0,3617.0,-4189.0,0.9942297596268991,0.6959608317388293,1.0,Conflict,bet,win,4987.75,
88.0,0.0,4.0,6111.0,-42411.0,2.316699620136784,2.085029658123106,1.0,Conflict,bet,lose,-39917.125,-42411
89.0,0.0,0.0,700.0,0.0,0.07030945837093326,0.007030945837093326,1.0,Not_conflict,bet,lose,1400.0,
89.0,0.0,1.0,1400.0,-28.0,0.21506767262158713,0.06452030178647614,1.0,Conflict,bet,lose,672.0,
89.0,0.0,2.0,1736.0,-169.0,0.3042736284966893,0.15213681424834466,1.0,Conflict,bet,win,2072.0,
89.0,0.0,3.0,2772.0,-1694.0,0.647285811301817,0.45310006791127183,1.0,Conflict,bet,lose,-658.0,-1694
90.0,0.0,0.0,700.0,0.0,0.07030945837093326,0.007030945837093326,1.0,Not_conflict,bet,lose,1400.0,
90.0,0.0,1.0,1400.0,-28.0,0.21506767262158713,0.06452030178647614,1.0,Conflict,bet,lose,672.0,
90.0,0.0,2.0,1736.0,-169.0,0.3042736284966893,0.15213681424834466,1.0,Conflict,bet,lose,167.0,
90.0,0.0,3.0,1820.0,-405.0,0.3283717312277239,0.22986021185940672,1.0,Conflict,bet,win,1903.5,
90.0,0.0,4.0,2772.0,-2879.0,0.647285811301817,0.5825572301716353,1.0,Conflict,bet,lose,-1927.25,-2879
91.0,0.0,0.0,700.0,0.0,0.07030945837093326,0.007030945837093326,1.0,Not_conflict,bet,lose,1400.0,
91.0,0.0,1.0,1400.0,-28.0,0.21506767262158713,0.06452030178647614,1.0,Conflict,bet,win,2100.0,
91.0,0.0,2.0,2450.0,-547.0,0.5303902206014364,0.2651951103007182,1.0,Conflict,bet,lose,503.0,
91.0,0.0,3.0,2702.0,-1553.0,0.6211250930221993,0.4347875651155395,1.0,Conflict,bet,lose,-1301.5,-1553
92.0,0.0,0.0,700.0,0.0,0.07030945837093326,0.007030945837093326,1.0,Not_conflict,bet,win,2100.0,
92.0,0.0,1.0,1750.0,-59.0,0.308241412646708,0.0924724237940124,1.0,Conflict,bet,lose,991.0,
92.0,0.0,2.0,2246.0,-407.0,0.460993225909791,0.2304966129548955,1.0,Conflict,bet,win,2741.5,
92.0,0.0,3.0,3617.0,-4189.0,0.9942297596268991,0.6959608317388293,1.0,Conflict,bet,lose,-2818.25,-4189
93.0,0.0,0.0,700.0,0.0,0.07030945837093326,0.007030945837093326,1.0,Not_conflict,bet,lose,1400.0,
93.0,0.0,1.0,1400.0,-28.0,0.21506767262158713,0.06452030178647614,1.0,Conflict,bet,lose,672.0,
93.0,0.0,2.0,1736.0,-169.0,0.3042736284966893,0.15213681424834466,1.0,Conflict,bet,win,2072.0,
93.0,0.0,3.0,2772.0,-1694.0,0.647285811301817,0.45310006791127183,1.0,Conflict,bet,win,3808.0,
93.0,0.0,4.0,4676.0,-17058.0,1.5044514815363799,1.354006333382742,1.0,Conflict,bet,win,6580.0,
93.0,0.0,5.0,7966.0,-130552.0,3.5528037704139437,3.5528037704139437,1.0,Conflict,bet,lose,-127262.0,-130552
94.0,0.0,0.0,700.0,0.0,0.07030945837093326,0.007030945837093326,1.0,Not_conflict,bet,lose,1400.0,
94.0,0.0,1.0,1400.0,-28.0,0.21506767262158713,0.06452030178647614,1.0,Conflict,bet,lose,672.0,
94.0,0.0,2.0,1736.0,-169.0,0.3042736284966893,0.15213681424834466,1.0,Conflict,bet,lose,167.0,
94.0,0.0,3.0,1820.0,-405.0,0.3283717312277239,0.22986021185940672,1.0,Conflict,bet,lose,-321.5,-405
95.0,0.0,0.0,700.0,0.0,0.07030945837093326,0.007030945837093326,1.0,Not_conflict,bet,lose,1400.0,
95.0,0.0,1.0,1400.0,-28.0,0.21506767262158713,0.06452030178647614,1.0,Conflict,bet,win,2100.0,
95.0,0.0,2.0,2450.0,-547.0,0.5303902206014364,0.2651951103007182,1.0,Conflict,bet,win,3500.0,
95.0,0.0,3.0,4200.0,-6966.0,1.2652365207425837,0.8856655645198086,1.0,Conflict,bet,lose,-5216.0,-6966
96.0,0.0,0.0,700.0,0.0,0.07030945837093326,0.007030945837093326,1.0,Not_conflict,bet,win,2100.0,
96.0,0.0,1.0,1750.0,-59.0,0.308241412646708,0.0924724237940124,1.0,Conflict,bet,lose,991.0,
96.0,0.0,2.0,2246.0,-407.0,0.460993225909791,0.2304966129548955,1.0,Conflict,bet,win,2741.5,
96.0,0.0,3.0,3617.0,-4189.0,0.9942297596268991,0.6959608317388293,1.0,Conflict,bet,win,4987.75,
96.0,0.0,4.0,6111.0,-42411.0,2.316699620136784,2.085029658123106,1.0,Conflict,bet,win,8604.875,
96.0,0.0,5.0,10413.0,-324840.0,5.472937511702449,5.472937511702449,1.0,Conflict,bet,lose,-320537.5625,-324840
97.0,0.0,0.0,700.0,0.0,0.07030945837093326,0.007030945837093326,1.0,Not_conflict,bet,win,2100.0,
97.0,0.0,1.0,1750.0,-59.0,0.308241412646708,0.0924724237940124,1.0,Conflict,bet,lose,991.0,
97.0,0.0,2.0,2246.0,-407.0,0.460993225909791,0.2304966129548955,1.0,Conflict,bet,win,2741.5,
97.0,0.0,3.0,3617.0,-4189.0,0.9942297596268991,0.6959608317388293,1.0,Conflict,bet,lose,-2818.25,-4189
98.0,0.0,0.0,700.0,0.0,0.07030945837093326,0.007030945837093326,1.0,Not_conflict,bet,lose,1400.0,
98.0,0.0,1.0,1400.0,-28.0,0.21506767262158713,0.06452030178647614,1.0,Conflict,bet,win,2100.0,
98.0,0.0,2.0,2450.0,-547.0,0.5303902206014364,0.2651951103007182,1.0,Conflict,bet,win,3500.0,
98.0,0.0,3.0,4200.0,-6966.0,1.2652365207425837,0.8856655645198086,1.0,Conflict,bet,win,5950.0,
98.0,0.0,4.0,7175.0,-73231.0,3.001313400007279,2.701182060006551,1.0,Conflict,bet,win,10150.0,
98.0,0.0,5.0,12250.0,-564655.0,7.11269399781288,7.11269399781288,1.0,Conflict,bet,win,17325.0,
98.0,0.0,6.0,20912.0,-4260665.0,16.85266813207296,18.53793494528026,1.0,Conflict,bet,win,29574.5,
98.0,0.0,7.0,35699.0,-37403268.0,39.93050693692777,51.9096590180061,1.0,Conflict,bet,win,50486.25,
98.0,0.0,8.0,60942.0,-312173112.0,94.61091779792638,141.91637669688956,1.0,Conflict,bet,win,50486.25,60942
99.0,0.0,0.0,700.0,0.0,0.07030945837093326,0.007030945837093326,1.0,Not_conflict,bet,win,2100.0,
99.0,0.0,1.0,1750.0,-59.0,0.308241412646708,0.0924724237940124,1.0,Conflict,bet,win,2800.0,
99.0,0.0,2.0,3150.0,-1287.0,0.7955098053622762,0.3977549026811381,1.0,Conflict,bet,lose,113.0,
99.0,0.0,3.0,3206.0,-2779.0,0.8184455060061641,0.5729118542043148,1.0,Conflict,bet,lose,-2722.5,-2779
