ID,alpha,beta,alpha - beta,max_gain,max_loss,n_simulation,initial_value,trial_0,trial_1,trial_2,trial_3,trial_4,trial_5,trial_6,trial_7,trial_8,trial_9,mean,median,mode,Q1,Q3
1129_01_01,1.294,0.886,0.408,14650,15410,100.0,200,0.0,0.0,0.0,16.0,9.0,24.0,26.0,11.0,14.0,0.0,5.49,6.0,6.0,4.75,6.25
1129_01_01,1.294,0.886,0.408,14650,15410,100.0,300,0.0,0.0,0.0,26.0,18.0,24.0,15.0,8.0,9.0,0.0,4.88,5.0,3.0,3.0,6.0
1129_01_01,1.294,0.886,0.408,14650,15410,100.0,400,0.0,0.0,0.0,29.0,23.0,19.0,16.0,5.0,8.0,0.0,4.69,4.0,3.0,3.0,6.0
1129_01_01,1.294,0.886,0.408,14650,15410,100.0,500,0.0,0.0,6.0,21.0,33.0,19.0,11.0,5.0,5.0,0.0,4.43,4.0,4.0,3.0,5.0
1129_01_01,1.294,0.886,0.408,14650,15410,100.0,600,0.0,0.0,15.0,20.0,31.0,12.0,10.0,6.0,6.0,0.0,4.24,4.0,4.0,3.0,5.0
1129_01_01,1.294,0.886,0.408,14650,15410,100.0,700,0.0,0.0,29.0,10.0,28.0,9.0,19.0,3.0,2.0,0.0,3.96,4.0,2.0,2.0,5.0
1129_01_02,0.806,0.815,-0.009,14060,10225,100.0,200,0.0,0.0,35.0,31.0,19.0,7.0,5.0,1.0,2.0,0.0,3.27,3.0,2.0,2.0,4.0
1129_01_02,0.806,0.815,-0.009,14060,10225,100.0,300,0.0,0.0,22.0,38.0,24.0,7.0,4.0,2.0,3.0,0.0,3.51,3.0,3.0,3.0,4.0
1129_01_02,0.806,0.815,-0.009,14060,10225,100.0,400,0.0,0.0,17.0,43.0,11.0,13.0,6.0,5.0,5.0,0.0,3.83,3.0,3.0,3.0,5.0
1129_01_02,0.806,0.815,-0.009,14060,10225,100.0,500,0.0,0.0,28.0,36.0,17.0,10.0,6.0,1.0,2.0,0.0,3.41,3.0,3.0,2.0,4.0
1129_01_02,0.806,0.815,-0.009,14060,10225,100.0,600,0.0,0.0,17.0,38.0,27.0,9.0,3.0,2.0,4.0,0.0,3.65,3.0,3.0,3.0,4.0
1129_01_02,0.806,0.815,-0.009,14060,10225,100.0,700,0.0,0.0,24.0,34.0,19.0,13.0,4.0,4.0,2.0,0.0,3.59,3.0,3.0,3.0,4.0
1129_01_03,0.383,0.261,0.122,13640,41380,100.0,200,0.0,0.0,0.0,21.0,38.0,28.0,4.0,6.0,3.0,0.0,4.45,4.0,4.0,4.0,5.0
1129_01_03,0.383,0.261,0.122,13640,41380,100.0,300,0.0,0.0,0.0,29.0,37.0,15.0,9.0,3.0,7.0,0.0,4.41,4.0,4.0,3.0,5.0
1129_01_03,0.383,0.261,0.122,13640,41380,100.0,400,0.0,0.0,0.0,26.0,34.0,17.0,11.0,7.0,5.0,0.0,4.54,4.0,4.0,3.0,5.0
1129_01_03,0.383,0.261,0.122,13640,41380,100.0,500,0.0,0.0,0.0,30.0,31.0,24.0,6.0,3.0,6.0,0.0,4.39,4.0,4.0,3.0,5.0
1129_01_03,0.383,0.261,0.122,13640,41380,100.0,600,0.0,0.0,0.0,23.0,41.0,17.0,10.0,1.0,8.0,0.0,4.49,4.0,4.0,4.0,5.0
1129_01_03,0.383,0.261,0.122,13640,41380,100.0,700,0.0,0.0,0.0,29.0,42.0,12.0,11.0,5.0,1.0,0.0,4.24,4.0,4.0,3.0,5.0
1129_01_04,0.914,0.449,0.465,11260,32500,100.0,200,0.0,0.0,0.0,0.0,23.0,14.0,24.0,24.0,15.0,0.0,5.94,6.0,6.0,5.0,7.0
1129_01_04,0.914,0.449,0.465,11260,32500,100.0,300,0.0,0.0,0.0,20.0,27.0,18.0,15.0,11.0,9.0,0.0,4.97,5.0,4.0,4.0,6.0
1129_01_04,0.914,0.449,0.465,11260,32500,100.0,400,0.0,0.0,0.0,24.0,39.0,17.0,8.0,4.0,8.0,0.0,4.53,4.0,4.0,4.0,5.0
1129_01_04,0.914,0.449,0.465,11260,32500,100.0,500,0.0,0.0,0.0,24.0,41.0,15.0,4.0,10.0,6.0,0.0,4.53,4.0,4.0,4.0,5.0
1129_01_04,0.914,0.449,0.465,11260,32500,100.0,600,0.0,0.0,0.0,27.0,35.0,21.0,10.0,3.0,4.0,0.0,4.39,4.0,4.0,3.0,5.0
1129_01_04,0.914,0.449,0.465,11260,32500,100.0,700,0.0,0.0,0.0,39.0,32.0,12.0,7.0,5.0,5.0,0.0,4.22,4.0,3.0,3.0,5.0
1129_01_05,2.015,1.088,0.927,3410,8975,100.0,200,0.0,0.0,29.0,40.0,16.0,7.0,3.0,3.0,2.0,0.0,3.32,3.0,3.0,2.0,4.0
1129_01_05,2.015,1.088,0.927,3410,8975,100.0,300,0.0,0.0,40.0,34.0,16.0,8.0,1.0,1.0,0.0,0.0,2.99,3.0,2.0,2.0,4.0
1129_01_05,2.015,1.088,0.927,3410,8975,100.0,400,0.0,0.0,49.0,24.0,14.0,9.0,1.0,2.0,1.0,0.0,2.99,3.0,2.0,2.0,4.0
1129_01_05,2.015,1.088,0.927,3410,8975,100.0,500,0.0,0.0,54.0,22.0,14.0,4.0,3.0,1.0,2.0,0.0,2.91,2.0,2.0,2.0,3.0
1129_01_05,2.015,1.088,0.927,3410,8975,100.0,600,0.0,0.0,48.0,25.0,12.0,8.0,3.0,1.0,3.0,0.0,3.08,3.0,2.0,2.0,4.0
1129_01_05,2.015,1.088,0.927,3410,8975,100.0,700,0.0,0.0,52.0,22.0,15.0,3.0,5.0,0.0,3.0,0.0,2.99,2.0,2.0,2.0,4.0
1129_02_01,0.908,1.082,-0.174,9770,6820,100.0,200,0.0,32.0,29.0,20.0,10.0,4.0,3.0,1.0,1.0,0.0,2.43,2.0,1.0,1.0,3.0
1129_02_01,0.908,1.082,-0.174,9770,6820,100.0,300,0.0,22.0,43.0,14.0,10.0,6.0,1.0,1.0,3.0,0.0,2.57,2.0,2.0,2.0,3.0
1129_02_01,0.908,1.082,-0.174,9770,6820,100.0,400,0.0,21.0,36.0,25.0,13.0,3.0,1.0,0.0,1.0,0.0,2.49,2.0,2.0,2.0,3.0
1129_02_01,0.908,1.082,-0.174,9770,6820,100.0,500,0.0,20.0,35.0,24.0,11.0,4.0,4.0,2.0,0.0,0.0,2.64,2.0,2.0,2.0,3.0
1129_02_01,0.908,1.082,-0.174,9770,6820,100.0,600,0.0,35.0,27.0,15.0,12.0,7.0,2.0,1.0,1.0,0.0,2.44,2.0,1.0,1.0,3.0
1129_02_01,0.908,1.082,-0.174,9770,6820,100.0,700,0.0,24.0,35.0,28.0,5.0,7.0,1.0,0.0,0.0,0.0,2.39,2.0,2.0,2.0,3.0
1129_02_03,0.888,1.609,-0.721,11300,11395,100.0,200,57.0,23.0,11.0,4.0,5.0,0.0,0.0,0.0,0.0,0.0,0.77,0.0,0.0,0.0,1.0
1129_02_03,0.888,1.609,-0.721,11300,11395,100.0,300,52.0,27.0,13.0,5.0,1.0,1.0,1.0,0.0,0.0,0.0,0.83,0.0,0.0,0.0,1.0
1129_02_03,0.888,1.609,-0.721,11300,11395,100.0,400,48.0,21.0,16.0,10.0,1.0,2.0,2.0,0.0,0.0,0.0,1.09,1.0,0.0,0.0,2.0
1129_02_03,0.888,1.609,-0.721,11300,11395,100.0,500,0.0,54.0,18.0,16.0,4.0,3.0,3.0,0.0,2.0,0.0,2.03,1.0,1.0,1.0,3.0
1129_02_03,0.888,1.609,-0.721,11300,11395,100.0,600,0.0,52.0,25.0,12.0,5.0,2.0,1.0,3.0,0.0,0.0,1.95,1.0,1.0,1.0,2.0
1129_02_03,0.888,1.609,-0.721,11300,11395,100.0,700,0.0,50.0,27.0,9.0,7.0,5.0,0.0,0.0,2.0,0.0,2.0,1.5,1.0,1.0,2.0
1130_01_01,0.578,1.291,-0.713,23715,3230,100.0,200,0.0,48.0,24.0,16.0,7.0,1.0,2.0,0.0,2.0,0.0,2.05,2.0,1.0,1.0,3.0
1130_01_01,0.578,1.291,-0.713,23715,3230,100.0,300,0.0,31.0,31.0,25.0,2.0,4.0,4.0,0.0,3.0,0.0,2.44,2.0,1.0,1.0,3.0
1130_01_01,0.578,1.291,-0.713,23715,3230,100.0,400,0.0,22.0,26.0,18.0,12.0,1.0,5.0,2.0,14.0,0.0,3.37,3.0,2.0,2.0,4.0
1130_01_01,0.578,1.291,-0.713,23715,3230,100.0,500,0.0,27.0,18.0,16.0,7.0,6.0,7.0,4.0,15.0,0.0,3.59,3.0,1.0,1.0,6.0
1130_01_01,0.578,1.291,-0.713,23715,3230,100.0,600,0.0,18.0,18.0,19.0,7.0,7.0,7.0,4.0,20.0,0.0,4.04,3.0,8.0,2.0,6.0
1130_01_01,0.578,1.291,-0.713,23715,3230,100.0,700,0.0,29.0,11.0,15.0,8.0,4.0,4.0,7.0,22.0,0.0,3.97,3.0,1.0,1.0,7.0
1130_01_02,2.072,0.709,1.363,7460,11955,100.0,200,0.0,0.0,0.0,0.0,0.0,6.0,18.0,16.0,60.0,0.0,7.3,8.0,8.0,7.0,8.0
1130_01_02,2.072,0.709,1.363,7460,11955,100.0,300,0.0,0.0,0.0,0.0,0.0,19.0,24.0,22.0,35.0,0.0,6.73,7.0,8.0,6.0,8.0
1130_01_02,2.072,0.709,1.363,7460,11955,100.0,400,0.0,0.0,0.0,0.0,11.0,26.0,28.0,13.0,22.0,0.0,6.09,6.0,6.0,5.0,7.0
1130_01_02,2.072,0.709,1.363,7460,11955,100.0,500,0.0,0.0,0.0,0.0,14.0,35.0,20.0,14.0,17.0,0.0,5.85,6.0,5.0,5.0,7.0
1130_01_02,2.072,0.709,1.363,7460,11955,100.0,600,0.0,0.0,0.0,0.0,31.0,24.0,20.0,16.0,9.0,0.0,5.48,5.0,4.0,4.0,6.25
1130_01_02,2.072,0.709,1.363,7460,11955,100.0,700,0.0,0.0,0.0,7.0,35.0,25.0,11.0,12.0,10.0,0.0,5.16,5.0,4.0,4.0,6.0
1130_01_03,1.173,1.018,0.155,5700,435,100.0,200,0.0,0.0,0.0,0.0,8.0,12.0,4.0,6.0,70.0,0.0,7.18,8.0,8.0,7.0,8.0
1130_01_03,1.173,1.018,0.155,5700,435,100.0,300,0.0,0.0,0.0,0.0,4.0,13.0,8.0,7.0,68.0,0.0,7.22,8.0,8.0,6.75,8.0
1130_01_03,1.173,1.018,0.155,5700,435,100.0,400,0.0,0.0,0.0,0.0,14.0,7.0,6.0,5.0,68.0,0.0,7.06,8.0,8.0,6.0,8.0
1130_01_03,1.173,1.018,0.155,5700,435,100.0,500,0.0,0.0,0.0,0.0,14.0,8.0,6.0,7.0,65.0,0.0,7.01,8.0,8.0,6.0,8.0
1130_01_03,1.173,1.018,0.155,5700,435,100.0,600,0.0,0.0,0.0,0.0,9.0,4.0,6.0,5.0,76.0,0.0,7.35,8.0,8.0,8.0,8.0
1130_01_03,1.173,1.018,0.155,5700,435,100.0,700,0.0,0.0,0.0,0.0,11.0,5.0,7.0,9.0,68.0,0.0,7.18,8.0,8.0,7.0,8.0
1130_01_04,0.779,0.712,0.067,1900,8565,100.0,200,0.0,48.0,26.0,13.0,6.0,4.0,1.0,1.0,1.0,0.0,2.04,2.0,1.0,1.0,3.0
1130_01_04,0.779,0.712,0.067,1900,8565,100.0,300,0.0,49.0,28.0,11.0,7.0,0.0,2.0,2.0,1.0,0.0,2.0,2.0,1.0,1.0,2.0
1130_01_04,0.779,0.712,0.067,1900,8565,100.0,400,0.0,46.0,34.0,12.0,2.0,4.0,1.0,1.0,0.0,0.0,1.91,2.0,1.0,1.0,2.0
1130_01_04,0.779,0.712,0.067,1900,8565,100.0,500,0.0,48.0,31.0,7.0,4.0,4.0,4.0,1.0,1.0,0.0,2.06,2.0,1.0,1.0,2.0
1130_01_04,0.779,0.712,0.067,1900,8565,100.0,600,0.0,53.0,19.0,18.0,4.0,5.0,1.0,0.0,0.0,0.0,1.92,1.0,1.0,1.0,3.0
1130_01_04,0.779,0.712,0.067,1900,8565,100.0,700,0.0,51.0,22.0,14.0,6.0,5.0,2.0,0.0,0.0,0.0,1.98,1.0,1.0,1.0,3.0
1130_01_05,0.752,1.986,-1.234,8055,1095,100.0,200,0.0,33.0,34.0,6.0,8.0,2.0,5.0,3.0,9.0,0.0,2.84,2.0,2.0,1.0,4.0
1130_01_05,0.752,1.986,-1.234,8055,1095,100.0,300,0.0,26.0,27.0,15.0,11.0,6.0,1.0,8.0,6.0,0.0,3.09,2.0,2.0,1.0,4.0
1130_01_05,0.752,1.986,-1.234,8055,1095,100.0,400,0.0,28.0,16.0,11.0,11.0,4.0,9.0,4.0,17.0,0.0,3.75,3.0,1.0,1.0,6.0
1130_01_05,0.752,1.986,-1.234,8055,1095,100.0,500,0.0,23.0,14.0,17.0,14.0,9.0,6.0,3.0,14.0,0.0,3.72,3.0,1.0,2.0,5.0
1130_01_05,0.752,1.986,-1.234,8055,1095,100.0,600,0.0,21.0,11.0,13.0,8.0,10.0,8.0,4.0,25.0,0.0,4.4,4.0,8.0,2.0,7.25
1130_01_05,0.752,1.986,-1.234,8055,1095,100.0,700,0.0,0.0,29.0,16.0,12.0,6.0,5.0,4.0,28.0,0.0,4.66,4.0,2.0,2.0,8.0
1130_01_06,0.803,2.078,-1.275,12665,2440,100.0,200,0.0,53.0,21.0,17.0,5.0,1.0,0.0,0.0,3.0,0.0,1.95,1.0,1.0,1.0,3.0
1130_01_06,0.803,2.078,-1.275,12665,2440,100.0,300,0.0,45.0,23.0,10.0,12.0,2.0,3.0,1.0,4.0,0.0,2.36,2.0,1.0,1.0,3.0
1130_01_06,0.803,2.078,-1.275,12665,2440,100.0,400,0.0,54.0,20.0,15.0,5.0,1.0,1.0,1.0,3.0,0.0,2.01,1.0,1.0,1.0,3.0
1130_01_06,0.803,2.078,-1.275,12665,2440,100.0,500,0.0,47.0,21.0,9.0,5.0,8.0,0.0,2.0,8.0,0.0,2.54,2.0,1.0,1.0,3.0
1130_01_06,0.803,2.078,-1.275,12665,2440,100.0,600,0.0,21.0,27.0,21.0,6.0,3.0,3.0,3.0,16.0,0.0,3.44,3.0,2.0,2.0,4.25
1130_01_06,0.803,2.078,-1.275,12665,2440,100.0,700,0.0,23.0,29.0,19.0,2.0,5.0,5.0,3.0,14.0,0.0,3.34,2.0,2.0,2.0,5.0
1130_01_07,0.213,0.49,-0.277,52665,57145,100.0,200,0.0,58.0,17.0,17.0,3.0,4.0,1.0,0.0,0.0,0.0,1.81,1.0,1.0,1.0,2.25
1130_01_07,0.213,0.49,-0.277,52665,57145,100.0,300,0.0,58.0,24.0,7.0,8.0,1.0,2.0,0.0,0.0,0.0,1.76,1.0,1.0,1.0,2.0
1130_01_07,0.213,0.49,-0.277,52665,57145,100.0,400,0.0,49.0,31.0,12.0,5.0,2.0,1.0,0.0,0.0,0.0,1.83,2.0,1.0,1.0,2.0
1130_01_07,0.213,0.49,-0.277,52665,57145,100.0,500,0.0,49.0,31.0,9.0,5.0,5.0,1.0,0.0,0.0,0.0,1.89,2.0,1.0,1.0,2.0
1130_01_07,0.213,0.49,-0.277,52665,57145,100.0,600,0.0,54.0,28.0,11.0,1.0,2.0,3.0,1.0,0.0,0.0,1.82,1.0,1.0,1.0,2.0
1130_01_07,0.213,0.49,-0.277,52665,57145,100.0,700,0.0,55.0,26.0,8.0,8.0,1.0,1.0,0.0,1.0,0.0,1.82,1.0,1.0,1.0,2.0
1130_01_08,0.512,0.547,-0.035,9745,8430,100.0,200,0.0,0.0,26.0,29.0,24.0,11.0,7.0,1.0,2.0,0.0,3.55,3.0,3.0,2.0,4.0
1130_01_08,0.512,0.547,-0.035,9745,8430,100.0,300,0.0,0.0,16.0,38.0,24.0,13.0,5.0,2.0,2.0,0.0,3.67,3.0,3.0,3.0,4.0
1130_01_08,0.512,0.547,-0.035,9745,8430,100.0,400,0.0,0.0,22.0,38.0,18.0,7.0,4.0,5.0,6.0,0.0,3.72,3.0,3.0,3.0,4.0
1130_01_08,0.512,0.547,-0.035,9745,8430,100.0,500,0.0,0.0,35.0,34.0,19.0,5.0,3.0,0.0,4.0,0.0,3.23,3.0,2.0,2.0,4.0
1130_01_08,0.512,0.547,-0.035,9745,8430,100.0,600,0.0,0.0,27.0,32.0,22.0,10.0,4.0,4.0,1.0,0.0,3.48,3.0,3.0,2.0,4.0
1130_01_08,0.512,0.547,-0.035,9745,8430,100.0,700,0.0,0.0,25.0,34.0,24.0,10.0,5.0,1.0,1.0,0.0,3.43,3.0,3.0,2.75,4.0
1130_02_01,1.031,0.485,0.546,6550,22580,100.0,200,0.0,0.0,0.0,11.0,49.0,15.0,14.0,5.0,6.0,0.0,4.71,4.0,4.0,4.0,5.25
1130_02_01,1.031,0.485,0.546,6550,22580,100.0,300,0.0,0.0,0.0,25.0,28.0,22.0,13.0,4.0,8.0,0.0,4.67,4.0,4.0,3.75,5.25
1130_02_01,1.031,0.485,0.546,6550,22580,100.0,400,0.0,0.0,0.0,37.0,36.0,13.0,9.0,1.0,4.0,0.0,4.13,4.0,3.0,3.0,5.0
1130_02_01,1.031,0.485,0.546,6550,22580,100.0,500,0.0,0.0,0.0,37.0,30.0,13.0,11.0,3.0,6.0,0.0,4.31,4.0,3.0,3.0,5.0
1130_02_01,1.031,0.485,0.546,6550,22580,100.0,600,0.0,0.0,0.0,48.0,20.0,16.0,7.0,5.0,4.0,0.0,4.13,4.0,3.0,3.0,5.0
1130_02_01,1.031,0.485,0.546,6550,22580,100.0,700,0.0,0.0,0.0,59.0,22.0,8.0,10.0,0.0,1.0,0.0,3.73,3.0,3.0,3.0,4.0
1130_02_02,0.652,0.811,-0.159,22750,42535,100.0,200,0.0,41.0,31.0,16.0,8.0,3.0,0.0,0.0,1.0,0.0,2.06,2.0,1.0,1.0,3.0
1130_02_02,0.652,0.811,-0.159,22750,42535,100.0,300,0.0,44.0,27.0,13.0,7.0,5.0,2.0,2.0,0.0,0.0,2.16,2.0,1.0,1.0,3.0
1130_02_02,0.652,0.811,-0.159,22750,42535,100.0,400,0.0,46.0,36.0,8.0,6.0,1.0,2.0,0.0,1.0,0.0,1.91,2.0,1.0,1.0,2.0
1130_02_02,0.652,0.811,-0.159,22750,42535,100.0,500,0.0,51.0,25.0,8.0,11.0,3.0,2.0,0.0,0.0,0.0,1.96,1.0,1.0,1.0,2.0
1130_02_02,0.652,0.811,-0.159,22750,42535,100.0,600,0.0,39.0,29.0,15.0,11.0,5.0,1.0,0.0,0.0,0.0,2.17,2.0,1.0,1.0,3.0
1130_02_02,0.652,0.811,-0.159,22750,42535,100.0,700,0.0,44.0,35.0,11.0,5.0,4.0,1.0,0.0,0.0,0.0,1.93,2.0,1.0,1.0,2.0
1130_02_03,0.287,0.982,-0.695,112795,6930,100.0,200,0.0,49.0,25.0,12.0,7.0,1.0,1.0,1.0,4.0,0.0,2.13,2.0,1.0,1.0,3.0
1130_02_03,0.287,0.982,-0.695,112795,6930,100.0,300,0.0,50.0,22.0,15.0,7.0,4.0,1.0,1.0,0.0,0.0,2.0,1.5,1.0,1.0,3.0
1130_02_03,0.287,0.982,-0.695,112795,6930,100.0,400,0.0,55.0,19.0,17.0,3.0,5.0,0.0,0.0,1.0,0.0,1.89,1.0,1.0,1.0,3.0
1130_02_03,0.287,0.982,-0.695,112795,6930,100.0,500,0.0,52.0,19.0,14.0,6.0,1.0,1.0,2.0,5.0,0.0,2.21,1.0,1.0,1.0,3.0
1130_02_03,0.287,0.982,-0.695,112795,6930,100.0,600,0.0,29.0,31.0,20.0,13.0,2.0,1.0,0.0,4.0,0.0,2.51,2.0,2.0,1.0,3.0
1130_02_03,0.287,0.982,-0.695,112795,6930,100.0,700,0.0,25.0,34.0,19.0,6.0,2.0,5.0,3.0,6.0,0.0,2.83,2.0,2.0,1.75,3.0
1130_02_04,1.081,1.179,-0.098,9920,7605,100.0,200,0.0,25.0,38.0,14.0,10.0,7.0,2.0,2.0,2.0,0.0,2.6,2.0,2.0,1.75,3.0
1130_02_04,1.081,1.179,-0.098,9920,7605,100.0,300,0.0,32.0,29.0,17.0,9.0,6.0,6.0,1.0,0.0,0.0,2.5,2.0,1.0,1.0,3.0
1130_02_04,1.081,1.179,-0.098,9920,7605,100.0,400,0.0,15.0,47.0,17.0,13.0,2.0,4.0,1.0,1.0,0.0,2.61,2.0,2.0,2.0,3.0
1130_02_04,1.081,1.179,-0.098,9920,7605,100.0,500,0.0,30.0,43.0,12.0,8.0,4.0,0.0,2.0,1.0,0.0,2.26,2.0,2.0,1.0,3.0
1130_02_04,1.081,1.179,-0.098,9920,7605,100.0,600,0.0,26.0,35.0,24.0,7.0,4.0,2.0,1.0,1.0,0.0,2.43,2.0,2.0,1.0,3.0
1130_02_04,1.081,1.179,-0.098,9920,7605,100.0,700,0.0,24.0,47.0,16.0,5.0,6.0,1.0,1.0,0.0,0.0,2.29,2.0,2.0,2.0,3.0
1130_02_06,0.773,1.377,-0.604,800,3190,100.0,200,58.0,22.0,8.0,7.0,1.0,2.0,2.0,0.0,0.0,0.0,0.85,0.0,0.0,0.0,1.0
1130_02_06,0.773,1.377,-0.604,800,3190,100.0,300,55.0,26.0,9.0,9.0,0.0,1.0,0.0,0.0,0.0,0.0,0.76,0.0,0.0,0.0,1.0
1130_02_06,0.773,1.377,-0.604,800,3190,100.0,400,57.0,28.0,7.0,3.0,3.0,1.0,1.0,0.0,0.0,0.0,0.74,0.0,0.0,0.0,1.0
1130_02_06,0.773,1.377,-0.604,800,3190,100.0,500,0.0,49.0,29.0,9.0,5.0,7.0,1.0,0.0,0.0,0.0,1.95,2.0,1.0,1.0,2.0
1130_02_06,0.773,1.377,-0.604,800,3190,100.0,600,0.0,50.0,26.0,7.0,9.0,1.0,4.0,2.0,1.0,0.0,2.1,1.5,1.0,1.0,2.0
1130_02_06,0.773,1.377,-0.604,800,3190,100.0,700,0.0,50.0,23.0,16.0,7.0,3.0,0.0,0.0,1.0,0.0,1.95,1.5,1.0,1.0,3.0
1130_03_01,0.54,0.987,-0.447,26945,3225,100.0,200,0.0,0.0,23.0,24.0,21.0,7.0,6.0,4.0,15.0,0.0,4.21,4.0,3.0,3.0,5.25
1130_03_01,0.54,0.987,-0.447,26945,3225,100.0,300,0.0,0.0,18.0,24.0,22.0,9.0,6.0,5.0,16.0,0.0,4.4,4.0,3.0,3.0,6.0
1130_03_01,0.54,0.987,-0.447,26945,3225,100.0,400,0.0,0.0,22.0,24.0,12.0,8.0,8.0,2.0,24.0,0.0,4.58,4.0,3.0,3.0,7.0
1130_03_01,0.54,0.987,-0.447,26945,3225,100.0,500,0.0,0.0,23.0,13.0,14.0,6.0,8.0,7.0,29.0,0.0,5.0,4.5,8.0,3.0,8.0
1130_03_01,0.54,0.987,-0.447,26945,3225,100.0,600,0.0,0.0,21.0,12.0,11.0,12.0,6.0,7.0,31.0,0.0,5.15,5.0,8.0,3.0,8.0
1130_03_01,0.54,0.987,-0.447,26945,3225,100.0,700,0.0,0.0,20.0,16.0,12.0,13.0,9.0,5.0,25.0,0.0,4.9,5.0,8.0,3.0,7.25
1130_03_02,0.195,0.185,0.01,60215,29690,100.0,200,0.0,0.0,0.0,0.0,24.0,36.0,21.0,11.0,8.0,0.0,5.43,5.0,5.0,5.0,6.0
1130_03_02,0.195,0.185,0.01,60215,29690,100.0,300,0.0,0.0,0.0,0.0,20.0,38.0,22.0,9.0,11.0,0.0,5.53,5.0,5.0,5.0,6.0
1130_03_02,0.195,0.185,0.01,60215,29690,100.0,400,0.0,0.0,0.0,0.0,25.0,38.0,23.0,7.0,7.0,0.0,5.33,5.0,5.0,4.75,6.0
1130_03_02,0.195,0.185,0.01,60215,29690,100.0,500,0.0,0.0,0.0,0.0,23.0,37.0,20.0,9.0,11.0,0.0,5.48,5.0,5.0,5.0,6.0
1130_03_02,0.195,0.185,0.01,60215,29690,100.0,600,0.0,0.0,0.0,0.0,26.0,30.0,19.0,12.0,13.0,0.0,5.56,5.0,5.0,4.0,6.25
1130_03_02,0.195,0.185,0.01,60215,29690,100.0,700,0.0,0.0,0.0,0.0,20.0,48.0,9.0,13.0,10.0,0.0,5.45,5.0,5.0,5.0,6.0
1130_03_03,1.072,1.004,0.068,9945,16905,100.0,200,0.0,31.0,29.0,16.0,11.0,5.0,1.0,4.0,3.0,0.0,2.64,2.0,1.0,1.0,3.0
1130_03_03,1.072,1.004,0.068,9945,16905,100.0,300,0.0,25.0,35.0,17.0,13.0,3.0,5.0,1.0,1.0,0.0,2.58,2.0,2.0,1.75,3.0
1130_03_03,1.072,1.004,0.068,9945,16905,100.0,400,0.0,24.0,38.0,25.0,7.0,4.0,1.0,1.0,0.0,0.0,2.36,2.0,2.0,2.0,3.0
1130_03_03,1.072,1.004,0.068,9945,16905,100.0,500,0.0,22.0,36.0,23.0,8.0,6.0,1.0,1.0,3.0,0.0,2.62,2.0,2.0,2.0,3.0
1130_03_03,1.072,1.004,0.068,9945,16905,100.0,600,0.0,19.0,40.0,23.0,9.0,2.0,4.0,2.0,1.0,0.0,2.6,2.0,2.0,2.0,3.0
1130_03_03,1.072,1.004,0.068,9945,16905,100.0,700,0.0,22.0,40.0,17.0,10.0,3.0,4.0,0.0,4.0,0.0,2.64,2.0,2.0,2.0,3.0
1130_03_06,0.396,0.383,0.013,28340,4050,100.0,200,0.0,0.0,0.0,0.0,15.0,13.0,10.0,6.0,56.0,0.0,6.75,8.0,8.0,5.0,8.0
1130_03_06,0.396,0.383,0.013,28340,4050,100.0,300,0.0,0.0,0.0,0.0,11.0,12.0,16.0,15.0,46.0,0.0,6.73,7.0,8.0,6.0,8.0
1130_03_06,0.396,0.383,0.013,28340,4050,100.0,400,0.0,0.0,0.0,0.0,13.0,16.0,20.0,4.0,47.0,0.0,6.56,7.0,8.0,5.0,8.0
1130_03_06,0.396,0.383,0.013,28340,4050,100.0,500,0.0,0.0,0.0,0.0,16.0,13.0,15.0,15.0,41.0,0.0,6.52,7.0,8.0,5.0,8.0
1130_03_06,0.396,0.383,0.013,28340,4050,100.0,600,0.0,0.0,0.0,0.0,13.0,18.0,13.0,9.0,47.0,0.0,6.59,7.0,8.0,5.0,8.0
1130_03_06,0.396,0.383,0.013,28340,4050,100.0,700,0.0,0.0,0.0,0.0,11.0,21.0,12.0,6.0,50.0,0.0,6.63,7.5,8.0,5.0,8.0
1130_03_07,2.144,0.709,1.435,2440,6045,100.0,200,0.0,0.0,0.0,3.0,37.0,23.0,19.0,10.0,8.0,0.0,5.2,5.0,4.0,4.0,6.0
1130_03_07,2.144,0.709,1.435,2440,6045,100.0,300,0.0,0.0,0.0,34.0,26.0,26.0,7.0,4.0,3.0,0.0,4.3,4.0,3.0,3.0,5.0
1130_03_07,2.144,0.709,1.435,2440,6045,100.0,400,0.0,0.0,0.0,45.0,26.0,13.0,11.0,3.0,2.0,0.0,4.07,4.0,3.0,3.0,5.0
1130_03_07,2.144,0.709,1.435,2440,6045,100.0,500,0.0,0.0,35.0,34.0,18.0,6.0,4.0,3.0,0.0,0.0,3.19,3.0,2.0,2.0,4.0
1130_03_07,2.144,0.709,1.435,2440,6045,100.0,600,0.0,0.0,46.0,17.0,17.0,8.0,5.0,3.0,4.0,0.0,3.34,3.0,2.0,2.0,4.0
1130_03_07,2.144,0.709,1.435,2440,6045,100.0,700,0.0,0.0,50.0,31.0,11.0,7.0,0.0,1.0,0.0,0.0,2.79,2.5,2.0,2.0,3.0
1130_03_08,0.592,0.852,-0.26,11660,13255,100.0,200,0.0,62.0,19.0,9.0,7.0,2.0,1.0,0.0,0.0,0.0,1.71,1.0,1.0,1.0,2.0
1130_03_08,0.592,0.852,-0.26,11660,13255,100.0,300,0.0,41.0,33.0,12.0,6.0,3.0,1.0,2.0,2.0,0.0,2.18,2.0,1.0,1.0,3.0
1130_03_08,0.592,0.852,-0.26,11660,13255,100.0,400,0.0,49.0,29.0,14.0,5.0,1.0,2.0,0.0,0.0,0.0,1.86,2.0,1.0,1.0,2.0
1130_03_08,0.592,0.852,-0.26,11660,13255,100.0,500,0.0,57.0,18.0,16.0,4.0,2.0,2.0,0.0,1.0,0.0,1.87,1.0,1.0,1.0,2.25
1130_03_08,0.592,0.852,-0.26,11660,13255,100.0,600,0.0,43.0,35.0,11.0,5.0,4.0,2.0,0.0,0.0,0.0,1.98,2.0,1.0,1.0,2.0
1130_03_08,0.592,0.852,-0.26,11660,13255,100.0,700,0.0,47.0,27.0,11.0,6.0,4.0,4.0,1.0,0.0,0.0,2.09,2.0,1.0,1.0,3.0
1201_01_01,0.794,1.008,-0.214,9805,2240,100.0,200,0.0,0.0,23.0,17.0,10.0,15.0,10.0,9.0,16.0,0.0,4.63,4.5,2.0,3.0,6.25
1201_01_01,0.794,1.008,-0.214,9805,2240,100.0,300,0.0,0.0,23.0,13.0,12.0,6.0,9.0,10.0,27.0,0.0,5.03,5.0,8.0,3.0,8.0
1201_01_01,0.794,1.008,-0.214,9805,2240,100.0,400,0.0,0.0,23.0,13.0,11.0,7.0,7.0,12.0,27.0,0.0,5.06,5.0,8.0,3.0,8.0
1201_01_01,0.794,1.008,-0.214,9805,2240,100.0,500,0.0,0.0,20.0,9.0,10.0,10.0,10.0,12.0,29.0,0.0,5.33,6.0,8.0,3.0,8.0
1201_01_01,0.794,1.008,-0.214,9805,2240,100.0,600,0.0,0.0,23.0,12.0,8.0,11.0,9.0,6.0,31.0,0.0,5.13,5.0,8.0,3.0,8.0
1201_01_01,0.794,1.008,-0.214,9805,2240,100.0,700,0.0,0.0,30.0,4.0,11.0,9.0,8.0,9.0,29.0,0.0,5.04,5.0,2.0,2.0,8.0
1201_01_02,0.982,0.851,0.131,9940,3360,100.0,200,0.0,0.0,0.0,36.0,12.0,9.0,11.0,10.0,22.0,0.0,5.13,5.0,3.0,3.0,7.0
1201_01_02,0.982,0.851,0.131,9940,3360,100.0,300,0.0,0.0,0.0,20.0,12.0,14.0,13.0,18.0,23.0,0.0,5.66,6.0,8.0,4.0,7.0
1201_01_02,0.982,0.851,0.131,9940,3360,100.0,400,0.0,0.0,0.0,18.0,13.0,14.0,14.0,18.0,23.0,0.0,5.7,6.0,8.0,4.0,7.0
1201_01_02,0.982,0.851,0.131,9940,3360,100.0,500,0.0,0.0,0.0,29.0,11.0,14.0,9.0,16.0,21.0,0.0,5.35,5.0,3.0,3.0,7.0
1201_01_02,0.982,0.851,0.131,9940,3360,100.0,600,0.0,0.0,0.0,27.0,15.0,17.0,11.0,10.0,20.0,0.0,5.22,5.0,3.0,3.0,7.0
1201_01_02,0.982,0.851,0.131,9940,3360,100.0,700,0.0,0.0,0.0,36.0,7.0,14.0,10.0,18.0,15.0,0.0,5.12,5.0,3.0,3.0,7.0
1201_01_03,0.911,1.014,-0.103,9395,6060,100.0,200,0.0,0.0,44.0,27.0,16.0,9.0,3.0,1.0,0.0,0.0,3.03,3.0,2.0,2.0,4.0
1201_01_03,0.911,1.014,-0.103,9395,6060,100.0,300,0.0,0.0,39.0,31.0,19.0,7.0,2.0,1.0,1.0,0.0,3.09,3.0,2.0,2.0,4.0
1201_01_03,0.911,1.014,-0.103,9395,6060,100.0,400,0.0,0.0,40.0,28.0,15.0,8.0,6.0,1.0,2.0,0.0,3.23,3.0,2.0,2.0,4.0
1201_01_03,0.911,1.014,-0.103,9395,6060,100.0,500,0.0,0.0,36.0,39.0,9.0,6.0,7.0,1.0,2.0,0.0,3.2,3.0,3.0,2.0,3.25
1201_01_03,0.911,1.014,-0.103,9395,6060,100.0,600,0.0,0.0,30.0,35.0,17.0,9.0,5.0,2.0,2.0,0.0,3.38,3.0,3.0,2.0,4.0
1201_01_03,0.911,1.014,-0.103,9395,6060,100.0,700,0.0,0.0,26.0,27.0,26.0,12.0,3.0,2.0,4.0,0.0,3.61,3.0,3.0,2.0,4.0
1201_01_04,0.727,0.939,-0.212,23435,4440,100.0,200,0.0,0.0,28.0,14.0,16.0,10.0,9.0,11.0,12.0,0.0,4.39,4.0,2.0,2.0,6.0
1201_01_04,0.727,0.939,-0.212,23435,4440,100.0,300,0.0,0.0,32.0,9.0,12.0,10.0,8.0,13.0,16.0,0.0,4.56,4.0,2.0,2.0,7.0
1201_01_04,0.727,0.939,-0.212,23435,4440,100.0,400,0.0,0.0,19.0,17.0,15.0,13.0,9.0,9.0,18.0,0.0,4.75,4.0,2.0,3.0,7.0
1201_01_04,0.727,0.939,-0.212,23435,4440,100.0,500,0.0,0.0,30.0,11.0,13.0,8.0,6.0,8.0,24.0,0.0,4.69,4.0,2.0,2.0,7.0
1201_01_04,0.727,0.939,-0.212,23435,4440,100.0,600,0.0,0.0,32.0,13.0,14.0,6.0,4.0,4.0,27.0,0.0,4.57,4.0,2.0,2.0,8.0
1201_01_04,0.727,0.939,-0.212,23435,4440,100.0,700,0.0,0.0,15.0,15.0,10.0,10.0,8.0,6.0,36.0,0.0,5.43,5.5,8.0,3.0,8.0
1201_01_05,0.724,0.857,-0.133,19985,6980,100.0,200,0.0,0.0,33.0,17.0,28.0,12.0,4.0,2.0,4.0,0.0,3.59,3.5,2.0,2.0,4.0
1201_01_05,0.724,0.857,-0.133,19985,6980,100.0,300,0.0,0.0,25.0,25.0,23.0,14.0,6.0,3.0,4.0,0.0,3.76,3.5,2.0,2.75,5.0
1201_01_05,0.724,0.857,-0.133,19985,6980,100.0,400,0.0,0.0,24.0,18.0,24.0,14.0,9.0,3.0,8.0,0.0,4.07,4.0,2.0,3.0,5.0
1201_01_05,0.724,0.857,-0.133,19985,6980,100.0,500,0.0,0.0,28.0,19.0,28.0,9.0,11.0,1.0,4.0,0.0,3.75,4.0,2.0,2.0,4.25
1201_01_05,0.724,0.857,-0.133,19985,6980,100.0,600,0.0,0.0,27.0,15.0,20.0,21.0,10.0,2.0,5.0,0.0,3.98,4.0,2.0,2.0,5.0
1201_01_05,0.724,0.857,-0.133,19985,6980,100.0,700,0.0,0.0,23.0,10.0,16.0,19.0,11.0,11.0,10.0,0.0,4.58,5.0,2.0,3.0,6.0
1201_01_06,0.457,0.666,-0.209,100490,7875,100.0,200,0.0,0.0,15.0,22.0,9.0,10.0,11.0,9.0,24.0,0.0,5.03,5.0,8.0,3.0,7.0
1201_01_06,0.457,0.666,-0.209,100490,7875,100.0,300,0.0,0.0,10.0,22.0,17.0,9.0,8.0,13.0,21.0,0.0,5.06,5.0,3.0,3.0,7.0
1201_01_06,0.457,0.666,-0.209,100490,7875,100.0,400,0.0,0.0,17.0,19.0,10.0,8.0,12.0,3.0,31.0,0.0,5.12,5.0,8.0,3.0,8.0
1201_01_06,0.457,0.666,-0.209,100490,7875,100.0,500,0.0,0.0,10.0,11.0,14.0,15.0,11.0,5.0,34.0,0.0,5.57,5.5,8.0,4.0,8.0
1201_01_06,0.457,0.666,-0.209,100490,7875,100.0,600,0.0,0.0,0.0,24.0,17.0,13.0,10.0,9.0,27.0,0.0,5.44,5.0,8.0,4.0,8.0
1201_01_06,0.457,0.666,-0.209,100490,7875,100.0,700,0.0,0.0,0.0,11.0,15.0,15.0,10.0,12.0,37.0,0.0,6.08,6.0,8.0,4.0,8.0
1201_01_08,1.413,1.135,0.278,14100,9865,100.0,200,0.0,0.0,17.0,20.0,12.0,19.0,17.0,9.0,6.0,0.0,4.5,5.0,3.0,3.0,6.0
1201_01_08,1.413,1.135,0.278,14100,9865,100.0,300,0.0,0.0,21.0,14.0,16.0,27.0,10.0,8.0,4.0,0.0,4.31,4.0,5.0,3.0,5.0
1201_01_08,1.413,1.135,0.278,14100,9865,100.0,400,0.0,0.0,27.0,7.0,28.0,19.0,11.0,1.0,7.0,0.0,4.11,4.0,4.0,2.0,5.0
1201_01_08,1.413,1.135,0.278,14100,9865,100.0,500,0.0,0.0,33.0,17.0,23.0,13.0,7.0,3.0,4.0,0.0,3.69,3.5,2.0,2.0,5.0
1201_01_08,1.413,1.135,0.278,14100,9865,100.0,600,0.0,0.0,24.0,16.0,27.0,15.0,7.0,6.0,5.0,0.0,4.03,4.0,4.0,3.0,5.0
1201_01_08,1.413,1.135,0.278,14100,9865,100.0,700,0.0,0.0,19.0,13.0,35.0,18.0,11.0,0.0,4.0,0.0,4.05,4.0,4.0,3.0,5.0
1201_01_09,1.068,1.115,-0.047,5240,2970,100.0,200,0.0,0.0,17.0,48.0,25.0,4.0,3.0,2.0,1.0,0.0,3.38,3.0,3.0,3.0,4.0
1201_01_09,1.068,1.115,-0.047,5240,2970,100.0,300,0.0,0.0,22.0,33.0,21.0,13.0,6.0,2.0,3.0,0.0,3.66,3.0,3.0,3.0,4.0
1201_01_09,1.068,1.115,-0.047,5240,2970,100.0,400,0.0,0.0,28.0,45.0,14.0,11.0,1.0,1.0,0.0,0.0,3.15,3.0,3.0,2.0,4.0
1201_01_09,1.068,1.115,-0.047,5240,2970,100.0,500,0.0,0.0,36.0,41.0,13.0,5.0,2.0,2.0,1.0,0.0,3.06,3.0,3.0,2.0,3.0
1201_01_09,1.068,1.115,-0.047,5240,2970,100.0,600,0.0,0.0,34.0,30.0,21.0,11.0,2.0,1.0,1.0,0.0,3.24,3.0,2.0,2.0,4.0
1201_01_09,1.068,1.115,-0.047,5240,2970,100.0,700,0.0,0.0,27.0,33.0,21.0,9.0,3.0,3.0,4.0,0.0,3.53,3.0,3.0,2.0,4.0
1201_02_01,0.942,0.718,0.224,3130,4095,100.0,200,0.0,0.0,19.0,37.0,22.0,11.0,7.0,3.0,1.0,0.0,3.63,3.0,3.0,3.0,4.0
1201_02_01,0.942,0.718,0.224,3130,4095,100.0,300,0.0,0.0,25.0,33.0,21.0,13.0,6.0,1.0,1.0,0.0,3.49,3.0,3.0,2.75,4.0
1201_02_01,0.942,0.718,0.224,3130,4095,100.0,400,0.0,0.0,23.0,39.0,22.0,8.0,5.0,2.0,1.0,0.0,3.43,3.0,3.0,3.0,4.0
1201_02_01,0.942,0.718,0.224,3130,4095,100.0,500,0.0,0.0,25.0,39.0,16.0,12.0,5.0,1.0,2.0,0.0,3.44,3.0,3.0,2.75,4.0
1201_02_01,0.942,0.718,0.224,3130,4095,100.0,600,0.0,0.0,35.0,35.0,14.0,9.0,3.0,1.0,3.0,0.0,3.25,3.0,2.0,2.0,4.0
1201_02_01,0.942,0.718,0.224,3130,4095,100.0,700,0.0,0.0,45.0,24.0,14.0,11.0,3.0,2.0,1.0,0.0,3.13,3.0,2.0,2.0,4.0
1201_02_02,0.487,1.055,-0.568,46930,3615,100.0,200,0.0,28.0,31.0,16.0,7.0,7.0,4.0,2.0,5.0,0.0,2.79,2.0,2.0,1.0,3.25
1201_02_02,0.487,1.055,-0.568,46930,3615,100.0,300,0.0,35.0,10.0,16.0,16.0,6.0,3.0,3.0,11.0,0.0,3.24,3.0,1.0,1.0,4.0
1201_02_02,0.487,1.055,-0.568,46930,3615,100.0,400,0.0,0.0,26.0,30.0,13.0,9.0,2.0,4.0,16.0,0.0,4.07,3.0,3.0,2.0,5.0
1201_02_02,0.487,1.055,-0.568,46930,3615,100.0,500,0.0,0.0,35.0,9.0,12.0,9.0,6.0,4.0,25.0,0.0,4.54,4.0,2.0,2.0,7.25
1201_02_02,0.487,1.055,-0.568,46930,3615,100.0,600,0.0,0.0,28.0,21.0,10.0,3.0,5.0,6.0,27.0,0.0,4.62,4.0,2.0,2.0,8.0
1201_02_02,0.487,1.055,-0.568,46930,3615,100.0,700,0.0,0.0,27.0,11.0,16.0,13.0,6.0,8.0,19.0,0.0,4.6,4.0,2.0,2.0,7.0
1201_02_03,0.967,0.91,0.057,11290,9515,100.0,200,0.0,0.0,27.0,39.0,21.0,8.0,4.0,1.0,0.0,0.0,3.26,3.0,3.0,2.0,4.0
1201_02_03,0.967,0.91,0.057,11290,9515,100.0,300,0.0,0.0,16.0,43.0,22.0,7.0,5.0,6.0,1.0,0.0,3.64,3.0,3.0,3.0,4.0
1201_02_03,0.967,0.91,0.057,11290,9515,100.0,400,0.0,0.0,32.0,37.0,12.0,11.0,3.0,2.0,3.0,0.0,3.34,3.0,3.0,2.0,4.0
1201_02_03,0.967,0.91,0.057,11290,9515,100.0,500,0.0,0.0,28.0,41.0,13.0,9.0,3.0,2.0,4.0,0.0,3.4,3.0,3.0,2.0,4.0
1201_02_03,0.967,0.91,0.057,11290,9515,100.0,600,0.0,0.0,20.0,44.0,19.0,10.0,2.0,4.0,1.0,0.0,3.46,3.0,3.0,3.0,4.0
1201_02_03,0.967,0.91,0.057,11290,9515,100.0,700,0.0,0.0,21.0,30.0,26.0,10.0,7.0,4.0,2.0,0.0,3.72,3.0,3.0,3.0,4.0
1201_02_04,1.376,1.655,-0.279,2905,1225,100.0,200,0.0,33.0,11.0,23.0,12.0,7.0,5.0,3.0,6.0,0.0,3.06,3.0,1.0,1.0,4.0
1201_02_04,1.376,1.655,-0.279,2905,1225,100.0,300,0.0,0.0,20.0,21.0,28.0,11.0,4.0,8.0,8.0,0.0,4.14,4.0,4.0,3.0,5.0
1201_02_04,1.376,1.655,-0.279,2905,1225,100.0,400,0.0,0.0,24.0,28.0,18.0,11.0,7.0,5.0,7.0,0.0,3.92,3.0,3.0,3.0,5.0
1201_02_04,1.376,1.655,-0.279,2905,1225,100.0,500,0.0,0.0,22.0,19.0,24.0,8.0,9.0,4.0,14.0,0.0,4.31,4.0,4.0,3.0,6.0
1201_02_04,1.376,1.655,-0.279,2905,1225,100.0,600,0.0,0.0,19.0,32.0,9.0,10.0,3.0,5.0,22.0,0.0,4.49,3.0,3.0,3.0,7.0
1201_02_04,1.376,1.655,-0.279,2905,1225,100.0,700,0.0,0.0,19.0,27.0,19.0,7.0,6.0,6.0,16.0,0.0,4.36,4.0,3.0,3.0,6.0
1201_02_05,1.032,1.04,-0.008,3320,6690,100.0,200,0.0,47.0,20.0,17.0,7.0,3.0,3.0,2.0,1.0,0.0,2.21,2.0,1.0,1.0,3.0
1201_02_05,1.032,1.04,-0.008,3320,6690,100.0,300,0.0,44.0,23.0,14.0,8.0,8.0,2.0,0.0,1.0,0.0,2.24,2.0,1.0,1.0,3.0
1201_02_05,1.032,1.04,-0.008,3320,6690,100.0,400,0.0,47.0,30.0,9.0,7.0,5.0,0.0,1.0,1.0,0.0,2.02,2.0,1.0,1.0,2.0
1201_02_05,1.032,1.04,-0.008,3320,6690,100.0,500,0.0,61.0,19.0,9.0,4.0,3.0,2.0,1.0,1.0,0.0,1.84,1.0,1.0,1.0,2.0
1201_02_05,1.032,1.04,-0.008,3320,6690,100.0,600,0.0,43.0,28.0,15.0,7.0,2.0,4.0,0.0,1.0,0.0,2.14,2.0,1.0,1.0,3.0
1201_02_05,1.032,1.04,-0.008,3320,6690,100.0,700,0.0,55.0,22.0,10.0,9.0,0.0,2.0,1.0,1.0,0.0,1.92,1.0,1.0,1.0,2.0
1201_02_06,1.094,0.325,0.769,2745,25730,100.0,200,0.0,0.0,0.0,13.0,45.0,19.0,15.0,3.0,5.0,0.0,4.65,4.0,4.0,4.0,5.0
1201_02_06,1.094,0.325,0.769,2745,25730,100.0,300,0.0,0.0,0.0,51.0,28.0,10.0,3.0,5.0,3.0,0.0,3.92,3.0,3.0,3.0,4.0
1201_02_06,1.094,0.325,0.769,2745,25730,100.0,400,0.0,0.0,0.0,40.0,33.0,16.0,5.0,4.0,2.0,0.0,4.06,4.0,3.0,3.0,5.0
1201_02_06,1.094,0.325,0.769,2745,25730,100.0,500,0.0,0.0,0.0,53.0,23.0,10.0,7.0,3.0,4.0,0.0,3.96,3.0,3.0,3.0,4.0
1201_02_06,1.094,0.325,0.769,2745,25730,100.0,600,0.0,0.0,22.0,36.0,20.0,7.0,4.0,4.0,7.0,0.0,3.75,3.0,3.0,3.0,4.0
1201_02_06,1.094,0.325,0.769,2745,25730,100.0,700,0.0,0.0,32.0,36.0,17.0,6.0,4.0,1.0,4.0,0.0,3.33,3.0,3.0,2.0,4.0
1201_02_07,0.3,3.833,-3.533,74600,1010,100.0,200,52.0,28.0,14.0,3.0,0.0,0.0,1.0,0.0,2.0,0.0,0.87,0.0,0.0,0.0,1.0
1201_02_07,0.3,3.833,-3.533,74600,1010,100.0,300,47.0,28.0,16.0,0.0,5.0,0.0,1.0,0.0,3.0,0.0,1.1,1.0,0.0,0.0,1.25
1201_02_07,0.3,3.833,-3.533,74600,1010,100.0,400,0.0,43.0,28.0,12.0,3.0,3.0,3.0,0.0,8.0,0.0,2.44,2.0,1.0,1.0,3.0
1201_02_07,0.3,3.833,-3.533,74600,1010,100.0,500,0.0,47.0,14.0,20.0,3.0,7.0,3.0,0.0,6.0,0.0,2.48,2.0,1.0,1.0,3.0
1201_02_07,0.3,3.833,-3.533,74600,1010,100.0,600,0.0,18.0,26.0,13.0,4.0,6.0,6.0,3.0,24.0,0.0,4.04,3.0,2.0,2.0,7.0
1201_02_07,0.3,3.833,-3.533,74600,1010,100.0,700,0.0,22.0,26.0,4.0,8.0,7.0,2.0,6.0,25.0,0.0,4.07,3.0,2.0,2.0,7.25
1201_02_08,1.613,0.474,1.139,3630,9000,100.0,200,0.0,0.0,0.0,0.0,11.0,18.0,33.0,17.0,21.0,0.0,6.19,6.0,6.0,5.0,7.0
1201_02_08,1.613,0.474,1.139,3630,9000,100.0,300,0.0,0.0,0.0,0.0,30.0,28.0,18.0,14.0,10.0,0.0,5.46,5.0,4.0,4.0,6.0
1201_02_08,1.613,0.474,1.139,3630,9000,100.0,400,0.0,0.0,0.0,17.0,36.0,21.0,15.0,6.0,5.0,0.0,4.72,4.0,4.0,4.0,6.0
1201_02_08,1.613,0.474,1.139,3630,9000,100.0,500,0.0,0.0,0.0,17.0,44.0,15.0,17.0,4.0,3.0,0.0,4.56,4.0,4.0,4.0,5.0
1201_02_08,1.613,0.474,1.139,3630,9000,100.0,600,0.0,0.0,0.0,43.0,24.0,14.0,12.0,3.0,4.0,0.0,4.2,4.0,3.0,3.0,5.0
1201_02_08,1.613,0.474,1.139,3630,9000,100.0,700,0.0,0.0,0.0,40.0,29.0,11.0,10.0,7.0,3.0,0.0,4.24,4.0,3.0,3.0,5.0
1201_03_01,0.603,0.708,-0.105,9135,11375,100.0,200,0.0,21.0,43.0,13.0,13.0,5.0,3.0,0.0,2.0,0.0,2.57,2.0,2.0,2.0,3.0
1201_03_01,0.603,0.708,-0.105,9135,11375,100.0,300,0.0,36.0,36.0,15.0,8.0,3.0,2.0,0.0,0.0,0.0,2.12,2.0,1.0,1.0,3.0
1201_03_01,0.603,0.708,-0.105,9135,11375,100.0,400,0.0,22.0,44.0,20.0,4.0,6.0,2.0,0.0,2.0,0.0,2.44,2.0,2.0,2.0,3.0
1201_03_01,0.603,0.708,-0.105,9135,11375,100.0,500,0.0,28.0,42.0,16.0,7.0,5.0,1.0,0.0,1.0,0.0,2.27,2.0,2.0,1.0,3.0
1201_03_01,0.603,0.708,-0.105,9135,11375,100.0,600,0.0,27.0,36.0,18.0,6.0,7.0,3.0,1.0,2.0,0.0,2.53,2.0,2.0,1.0,3.0
1201_03_01,0.603,0.708,-0.105,9135,11375,100.0,700,0.0,0.0,53.0,24.0,7.0,4.0,8.0,3.0,1.0,0.0,3.03,2.0,2.0,2.0,3.0
1201_03_02,1.176,0.63,0.546,25255,9935,100.0,200,0.0,0.0,0.0,0.0,0.0,1.0,10.0,8.0,81.0,0.0,7.69,8.0,8.0,8.0,8.0
1201_03_02,1.176,0.63,0.546,25255,9935,100.0,300,0.0,0.0,0.0,0.0,0.0,3.0,7.0,12.0,78.0,0.0,7.65,8.0,8.0,8.0,8.0
1201_03_02,1.176,0.63,0.546,25255,9935,100.0,400,0.0,0.0,0.0,0.0,0.0,11.0,6.0,12.0,71.0,0.0,7.43,8.0,8.0,7.0,8.0
1201_03_02,1.176,0.63,0.546,25255,9935,100.0,500,0.0,0.0,0.0,0.0,0.0,13.0,11.0,17.0,59.0,0.0,7.22,8.0,8.0,7.0,8.0
1201_03_02,1.176,0.63,0.546,25255,9935,100.0,600,0.0,0.0,0.0,0.0,6.0,5.0,9.0,23.0,57.0,0.0,7.2,8.0,8.0,7.0,8.0
1201_03_02,1.176,0.63,0.546,25255,9935,100.0,700,0.0,0.0,0.0,0.0,5.0,14.0,13.0,20.0,48.0,0.0,6.92,7.0,8.0,6.0,8.0
1201_03_03,0.807,0.691,0.116,14050,17120,100.0,200,0.0,0.0,25.0,32.0,25.0,11.0,6.0,0.0,1.0,0.0,3.45,3.0,3.0,2.75,4.0
1201_03_03,0.807,0.691,0.116,14050,17120,100.0,300,0.0,0.0,18.0,47.0,16.0,11.0,3.0,3.0,2.0,0.0,3.51,3.0,3.0,3.0,4.0
1201_03_03,0.807,0.691,0.116,14050,17120,100.0,400,0.0,0.0,23.0,38.0,20.0,15.0,2.0,0.0,2.0,0.0,3.43,3.0,3.0,3.0,4.0
1201_03_03,0.807,0.691,0.116,14050,17120,100.0,500,0.0,0.0,22.0,37.0,21.0,13.0,5.0,1.0,1.0,0.0,3.49,3.0,3.0,3.0,4.0
1201_03_03,0.807,0.691,0.116,14050,17120,100.0,600,0.0,0.0,37.0,36.0,17.0,5.0,1.0,2.0,2.0,0.0,3.11,3.0,2.0,2.0,4.0
1201_03_03,0.807,0.691,0.116,14050,17120,100.0,700,0.0,0.0,24.0,38.0,25.0,8.0,1.0,2.0,2.0,0.0,3.38,3.0,3.0,3.0,4.0
1201_03_04,0.546,1.627,-1.081,7665,6125,100.0,200,62.0,17.0,10.0,4.0,5.0,0.0,1.0,1.0,0.0,0.0,0.82,0.0,0.0,0.0,1.0
1201_03_04,0.546,1.627,-1.081,7665,6125,100.0,300,46.0,25.0,19.0,7.0,1.0,0.0,1.0,1.0,0.0,0.0,1.01,1.0,0.0,0.0,2.0
1201_03_04,0.546,1.627,-1.081,7665,6125,100.0,400,44.0,25.0,22.0,6.0,3.0,0.0,0.0,0.0,0.0,0.0,0.99,1.0,0.0,0.0,2.0
1201_03_04,0.546,1.627,-1.081,7665,6125,100.0,500,40.0,35.0,15.0,2.0,5.0,2.0,0.0,1.0,0.0,0.0,1.08,1.0,0.0,0.0,1.25
1201_03_04,0.546,1.627,-1.081,7665,6125,100.0,600,47.0,25.0,20.0,5.0,0.0,0.0,2.0,0.0,1.0,0.0,1.0,1.0,0.0,0.0,2.0
1201_03_04,0.546,1.627,-1.081,7665,6125,100.0,700,0.0,47.0,25.0,10.0,9.0,4.0,1.0,2.0,2.0,0.0,2.19,2.0,1.0,1.0,3.0
1202_01_02,0.314,0.828,-0.514,37800,4480,100.0,200,0.0,26.0,38.0,23.0,5.0,4.0,1.0,0.0,3.0,0.0,2.41,2.0,2.0,1.0,3.0
1202_01_02,0.314,0.828,-0.514,37800,4480,100.0,300,0.0,29.0,41.0,18.0,7.0,3.0,0.0,1.0,1.0,0.0,2.23,2.0,2.0,1.0,3.0
1202_01_02,0.314,0.828,-0.514,37800,4480,100.0,400,0.0,26.0,20.0,27.0,12.0,6.0,2.0,1.0,6.0,0.0,2.92,3.0,3.0,1.0,4.0
1202_01_02,0.314,0.828,-0.514,37800,4480,100.0,500,0.0,31.0,16.0,13.0,16.0,7.0,1.0,5.0,11.0,0.0,3.3,3.0,1.0,1.0,4.0
1202_01_02,0.314,0.828,-0.514,37800,4480,100.0,600,0.0,0.0,30.0,29.0,13.0,8.0,4.0,5.0,11.0,0.0,3.86,3.0,2.0,2.0,5.0
1202_01_02,0.314,0.828,-0.514,37800,4480,100.0,700,0.0,0.0,28.0,24.0,16.0,11.0,5.0,4.0,12.0,0.0,4.01,3.0,2.0,2.0,5.0
1202_01_04,0.905,0.472,0.433,12295,15550,100.0,200,0.0,0.0,0.0,0.0,15.0,10.0,18.0,27.0,30.0,0.0,6.47,7.0,8.0,5.75,8.0
1202_01_04,0.905,0.472,0.433,12295,15550,100.0,300,0.0,0.0,0.0,0.0,16.0,21.0,21.0,27.0,15.0,0.0,6.04,6.0,7.0,5.0,7.0
1202_01_04,0.905,0.472,0.433,12295,15550,100.0,400,0.0,0.0,0.0,0.0,21.0,19.0,23.0,21.0,16.0,0.0,5.92,6.0,6.0,5.0,7.0
1202_01_04,0.905,0.472,0.433,12295,15550,100.0,500,0.0,0.0,0.0,17.0,19.0,25.0,19.0,9.0,11.0,0.0,5.17,5.0,5.0,4.0,6.0
1202_01_04,0.905,0.472,0.433,12295,15550,100.0,600,0.0,0.0,0.0,11.0,22.0,26.0,20.0,14.0,7.0,0.0,5.25,5.0,5.0,4.0,6.0
1202_01_04,0.905,0.472,0.433,12295,15550,100.0,700,0.0,0.0,0.0,18.0,30.0,27.0,13.0,4.0,8.0,0.0,4.79,5.0,4.0,4.0,5.25
1202_01_07,0.833,0.49,0.343,19700,6845,100.0,200,0.0,0.0,0.0,0.0,0.0,6.0,9.0,12.0,73.0,0.0,7.52,8.0,8.0,7.0,8.0
1202_01_07,0.833,0.49,0.343,19700,6845,100.0,300,0.0,0.0,0.0,0.0,7.0,4.0,11.0,17.0,61.0,0.0,7.21,8.0,8.0,7.0,8.0
1202_01_07,0.833,0.49,0.343,19700,6845,100.0,400,0.0,0.0,0.0,0.0,6.0,10.0,9.0,12.0,63.0,0.0,7.16,8.0,8.0,6.75,8.0
1202_01_07,0.833,0.49,0.343,19700,6845,100.0,500,0.0,0.0,0.0,0.0,7.0,8.0,18.0,20.0,47.0,0.0,6.92,7.0,8.0,6.0,8.0
1202_01_07,0.833,0.49,0.343,19700,6845,100.0,600,0.0,0.0,0.0,0.0,13.0,9.0,15.0,18.0,45.0,0.0,6.73,7.0,8.0,6.0,8.0
1202_01_07,0.833,0.49,0.343,19700,6845,100.0,700,0.0,0.0,0.0,0.0,8.0,10.0,15.0,24.0,43.0,0.0,6.84,7.0,8.0,6.0,8.0
1202_02_01,5.497,0.703,4.794,680,2635,100.0,200,0.0,0.0,11.0,38.0,26.0,15.0,7.0,2.0,1.0,0.0,3.79,4.0,3.0,3.0,4.25
1202_02_01,5.497,0.703,4.794,680,2635,100.0,300,0.0,0.0,49.0,22.0,11.0,10.0,5.0,2.0,1.0,0.0,3.1,3.0,2.0,2.0,4.0
1202_02_01,5.497,0.703,4.794,680,2635,100.0,400,0.0,25.0,41.0,16.0,8.0,2.0,1.0,4.0,3.0,0.0,2.55,2.0,2.0,1.75,3.0
1202_02_01,5.497,0.703,4.794,680,2635,100.0,500,0.0,52.0,28.0,11.0,6.0,2.0,0.0,0.0,1.0,0.0,1.83,1.0,1.0,1.0,2.0
1202_02_01,5.497,0.703,4.794,680,2635,100.0,600,0.0,40.0,30.0,14.0,9.0,2.0,3.0,1.0,1.0,0.0,2.21,2.0,1.0,1.0,3.0
1202_02_01,5.497,0.703,4.794,680,2635,100.0,700,0.0,57.0,22.0,10.0,6.0,2.0,2.0,0.0,1.0,0.0,1.85,1.0,1.0,1.0,2.0
1202_02_02,0.722,0.876,-0.154,16975,8075,100.0,200,0.0,0.0,34.0,27.0,19.0,10.0,5.0,2.0,3.0,0.0,3.43,3.0,2.0,2.0,4.0
1202_02_02,0.722,0.876,-0.154,16975,8075,100.0,300,0.0,0.0,24.0,39.0,21.0,8.0,5.0,2.0,1.0,0.0,3.41,3.0,3.0,3.0,4.0
1202_02_02,0.722,0.876,-0.154,16975,8075,100.0,400,0.0,0.0,20.0,34.0,25.0,13.0,7.0,0.0,1.0,0.0,3.57,3.0,3.0,3.0,4.0
1202_02_02,0.722,0.876,-0.154,16975,8075,100.0,500,0.0,0.0,20.0,39.0,18.0,13.0,4.0,2.0,4.0,0.0,3.64,3.0,3.0,3.0,4.0
1202_02_02,0.722,0.876,-0.154,16975,8075,100.0,600,0.0,0.0,27.0,29.0,24.0,8.0,7.0,2.0,3.0,0.0,3.57,3.0,3.0,2.0,4.0
1202_02_02,0.722,0.876,-0.154,16975,8075,100.0,700,0.0,0.0,22.0,22.0,23.0,23.0,4.0,4.0,2.0,0.0,3.85,4.0,4.0,3.0,5.0
1202_02_05,0.457,0.357,0.1,72995,63145,100.0,200,0.0,0.0,0.0,17.0,12.0,10.0,26.0,13.0,22.0,0.0,5.72,6.0,6.0,4.0,7.0
1202_02_05,0.457,0.357,0.1,72995,63145,100.0,300,0.0,0.0,0.0,10.0,21.0,14.0,31.0,11.0,13.0,0.0,5.51,6.0,6.0,4.0,6.0
1202_02_05,0.457,0.357,0.1,72995,63145,100.0,400,0.0,0.0,0.0,9.0,16.0,14.0,30.0,19.0,12.0,0.0,5.7,6.0,6.0,4.75,7.0
1202_02_05,0.457,0.357,0.1,72995,63145,100.0,500,0.0,0.0,0.0,9.0,20.0,25.0,29.0,9.0,8.0,0.0,5.33,5.0,6.0,4.0,6.0
1202_02_05,0.457,0.357,0.1,72995,63145,100.0,600,0.0,0.0,0.0,12.0,18.0,30.0,18.0,9.0,13.0,0.0,5.33,5.0,5.0,4.0,6.0
1202_02_05,0.457,0.357,0.1,72995,63145,100.0,700,0.0,0.0,0.0,16.0,22.0,29.0,18.0,6.0,9.0,0.0,5.03,5.0,5.0,4.0,6.0
1202_02_06,1.219,1.013,0.206,240,5100,100.0,200,57.0,18.0,15.0,5.0,2.0,3.0,0.0,0.0,0.0,0.0,0.86,0.0,0.0,0.0,1.25
1202_02_06,1.219,1.013,0.206,240,5100,100.0,300,44.0,31.0,14.0,5.0,4.0,2.0,0.0,0.0,0.0,0.0,1.0,1.0,0.0,0.0,1.25
1202_02_06,1.219,1.013,0.206,240,5100,100.0,400,43.0,25.0,15.0,9.0,4.0,2.0,1.0,1.0,0.0,0.0,1.21,1.0,0.0,0.0,2.0
1202_02_06,1.219,1.013,0.206,240,5100,100.0,500,57.0,24.0,10.0,3.0,3.0,2.0,0.0,1.0,0.0,0.0,0.82,0.0,0.0,0.0,1.0
1202_02_06,1.219,1.013,0.206,240,5100,100.0,600,49.0,18.0,18.0,8.0,4.0,2.0,1.0,0.0,0.0,0.0,1.1,1.0,0.0,0.0,2.0
1202_02_06,1.219,1.013,0.206,240,5100,100.0,700,48.0,23.0,12.0,7.0,4.0,3.0,0.0,1.0,2.0,0.0,1.22,1.0,0.0,0.0,2.0
1203_01_01,1.927,1.052,0.875,2845,8505,100.0,200,0.0,0.0,37.0,24.0,21.0,9.0,4.0,2.0,3.0,0.0,3.37,3.0,2.0,2.0,4.0
1203_01_01,1.927,1.052,0.875,2845,8505,100.0,300,0.0,0.0,59.0,19.0,12.0,2.0,2.0,5.0,1.0,0.0,2.88,2.0,2.0,2.0,3.0
1203_01_01,1.927,1.052,0.875,2845,8505,100.0,400,0.0,0.0,54.0,20.0,17.0,8.0,1.0,0.0,0.0,0.0,2.82,2.0,2.0,2.0,4.0
1203_01_01,1.927,1.052,0.875,2845,8505,100.0,500,0.0,0.0,47.0,24.0,15.0,7.0,2.0,1.0,4.0,0.0,3.12,3.0,2.0,2.0,4.0
1203_01_01,1.927,1.052,0.875,2845,8505,100.0,600,0.0,25.0,41.0,18.0,8.0,3.0,1.0,3.0,1.0,0.0,2.43,2.0,2.0,1.75,3.0
1203_01_01,1.927,1.052,0.875,2845,8505,100.0,700,0.0,49.0,27.0,17.0,3.0,1.0,2.0,0.0,1.0,0.0,1.91,2.0,1.0,1.0,2.0
1203_01_03,1.031,813594.349,-813593.318,41785,4695,100.0,200,46.0,28.0,14.0,6.0,6.0,0.0,0.0,0.0,0.0,0.0,0.98,1.0,0.0,0.0,2.0
1203_01_03,1.031,813594.349,-813593.318,41785,4695,100.0,300,49.0,30.0,10.0,4.0,6.0,1.0,0.0,0.0,0.0,0.0,0.91,1.0,0.0,0.0,1.0
1203_01_03,1.031,813594.349,-813593.318,41785,4695,100.0,400,48.0,26.0,12.0,8.0,2.0,3.0,0.0,0.0,1.0,0.0,1.05,1.0,0.0,0.0,2.0
1203_01_03,1.031,813594.349,-813593.318,41785,4695,100.0,500,50.0,25.0,11.0,6.0,4.0,4.0,0.0,0.0,0.0,0.0,1.01,0.5,0.0,0.0,1.25
1203_01_03,1.031,813594.349,-813593.318,41785,4695,100.0,600,50.0,17.0,17.0,10.0,3.0,3.0,0.0,0.0,0.0,0.0,1.08,0.5,0.0,0.0,2.0
1203_01_03,1.031,813594.349,-813593.318,41785,4695,100.0,700,50.0,21.0,21.0,6.0,1.0,0.0,0.0,0.0,1.0,0.0,0.93,0.5,0.0,0.0,2.0
1203_01_04,0.288,0.266,0.022,42920,17710,100.0,200,0.0,0.0,0.0,3.0,21.0,12.0,38.0,17.0,9.0,0.0,5.72,6.0,6.0,5.0,7.0
1203_01_04,0.288,0.266,0.022,42920,17710,100.0,300,0.0,0.0,0.0,2.0,28.0,16.0,23.0,13.0,18.0,0.0,5.71,6.0,4.0,4.0,7.0
1203_01_04,0.288,0.266,0.022,42920,17710,100.0,400,0.0,0.0,0.0,6.0,19.0,21.0,30.0,11.0,13.0,0.0,5.6,6.0,6.0,4.75,6.0
1203_01_04,0.288,0.266,0.022,42920,17710,100.0,500,0.0,0.0,0.0,5.0,22.0,15.0,33.0,16.0,9.0,0.0,5.6,6.0,6.0,4.0,6.25
1203_01_04,0.288,0.266,0.022,42920,17710,100.0,600,0.0,0.0,0.0,8.0,24.0,9.0,29.0,19.0,11.0,0.0,5.6,6.0,6.0,4.0,7.0
1203_01_04,0.288,0.266,0.022,42920,17710,100.0,700,0.0,0.0,0.0,9.0,23.0,11.0,30.0,11.0,16.0,0.0,5.59,6.0,6.0,4.0,7.0
1203_01_05,0.644,620506.497,-620505.853,46570,275,100.0,200,57.0,21.0,0.0,3.0,5.0,0.0,6.0,1.0,7.0,0.0,1.49,0.0,0.0,0.0,1.0
1203_01_05,0.644,620506.497,-620505.853,46570,275,100.0,300,0.0,26.0,34.0,5.0,9.0,3.0,3.0,2.0,18.0,0.0,3.36,2.0,2.0,1.0,5.0
1203_01_05,0.644,620506.497,-620505.853,46570,275,100.0,400,0.0,33.0,22.0,4.0,10.0,1.0,2.0,1.0,27.0,0.0,3.69,2.0,1.0,1.0,8.0
1203_01_05,0.644,620506.497,-620505.853,46570,275,100.0,500,0.0,25.0,11.0,10.0,13.0,3.0,1.0,2.0,35.0,0.0,4.44,4.0,8.0,1.75,8.0
1203_01_05,0.644,620506.497,-620505.853,46570,275,100.0,600,0.0,27.0,12.0,5.0,7.0,5.0,3.0,4.0,37.0,0.0,4.61,4.0,8.0,1.0,8.0
1203_01_05,0.644,620506.497,-620505.853,46570,275,100.0,700,0.0,24.0,10.0,3.0,1.0,4.0,6.0,3.0,49.0,0.0,5.26,7.0,8.0,2.0,8.0
1203_01_06,0.196,0.237,-0.041,102245,11505,100.0,200,0.0,0.0,0.0,6.0,19.0,10.0,12.0,26.0,27.0,0.0,6.14,7.0,8.0,4.75,8.0
1203_01_06,0.196,0.237,-0.041,102245,11505,100.0,300,0.0,0.0,0.0,7.0,22.0,9.0,8.0,27.0,27.0,0.0,6.07,7.0,7.0,4.0,8.0
1203_01_06,0.196,0.237,-0.041,102245,11505,100.0,400,0.0,0.0,0.0,0.0,19.0,13.0,11.0,24.0,33.0,0.0,6.39,7.0,8.0,5.0,8.0
1203_01_06,0.196,0.237,-0.041,102245,11505,100.0,500,0.0,0.0,0.0,0.0,11.0,22.0,19.0,16.0,32.0,0.0,6.36,6.0,8.0,5.0,8.0
1203_01_06,0.196,0.237,-0.041,102245,11505,100.0,600,0.0,0.0,0.0,0.0,15.0,12.0,18.0,28.0,27.0,0.0,6.4,7.0,7.0,5.0,8.0
1203_01_06,0.196,0.237,-0.041,102245,11505,100.0,700,0.0,0.0,0.0,0.0,19.0,15.0,13.0,26.0,27.0,0.0,6.27,7.0,8.0,5.0,8.0
1203_01_07,3.706,0.552,3.154,1050,12040,100.0,200,0.0,0.0,0.0,37.0,28.0,14.0,9.0,4.0,8.0,0.0,4.39,4.0,3.0,3.0,5.0
1203_01_07,3.706,0.552,3.154,1050,12040,100.0,300,0.0,0.0,40.0,34.0,12.0,8.0,2.0,1.0,3.0,0.0,3.13,3.0,2.0,2.0,4.0
1203_01_07,3.706,0.552,3.154,1050,12040,100.0,400,0.0,0.0,55.0,23.0,12.0,3.0,4.0,3.0,0.0,0.0,2.87,2.0,2.0,2.0,3.0
1203_01_07,3.706,0.552,3.154,1050,12040,100.0,500,0.0,26.0,47.0,16.0,6.0,2.0,1.0,1.0,1.0,0.0,2.23,2.0,2.0,1.0,3.0
1203_01_07,3.706,0.552,3.154,1050,12040,100.0,600,0.0,52.0,25.0,10.0,4.0,5.0,1.0,2.0,1.0,0.0,2.01,1.0,1.0,1.0,2.0
1203_01_07,3.706,0.552,3.154,1050,12040,100.0,700,0.0,50.0,29.0,10.0,8.0,1.0,1.0,0.0,1.0,0.0,1.89,1.5,1.0,1.0,2.0
1203_02_02,0.213,2.468,-2.255,90170,1125,100.0,200,50.0,23.0,15.0,4.0,0.0,2.0,0.0,2.0,4.0,0.0,1.21,0.5,0.0,0.0,2.0
1203_02_02,0.213,2.468,-2.255,90170,1125,100.0,300,0.0,53.0,28.0,6.0,3.0,1.0,2.0,0.0,7.0,0.0,2.12,1.0,1.0,1.0,2.0
1203_02_02,0.213,2.468,-2.255,90170,1125,100.0,400,0.0,37.0,12.0,22.0,9.0,5.0,2.0,2.0,11.0,0.0,3.02,3.0,1.0,1.0,4.0
1203_02_02,0.213,2.468,-2.255,90170,1125,100.0,500,0.0,30.0,22.0,13.0,2.0,5.0,3.0,2.0,23.0,0.0,3.62,2.0,1.0,1.0,6.25
1203_02_02,0.213,2.468,-2.255,90170,1125,100.0,600,0.0,22.0,35.0,11.0,4.0,6.0,5.0,3.0,14.0,0.0,3.34,2.0,2.0,2.0,5.0
1203_02_02,0.213,2.468,-2.255,90170,1125,100.0,700,0.0,27.0,28.0,1.0,8.0,5.0,5.0,2.0,24.0,0.0,3.79,2.0,2.0,1.0,7.0
1203_02_03,1.202,0.277,0.925,19730,3755,100.0,200,0.0,0.0,0.0,0.0,0.0,0.0,0.0,0.0,100.0,0.0,8.0,8.0,8.0,8.0,8.0
1203_02_03,1.202,0.277,0.925,19730,3755,100.0,300,0.0,0.0,0.0,0.0,0.0,0.0,0.0,0.0,100.0,0.0,8.0,8.0,8.0,8.0,8.0
1203_02_03,1.202,0.277,0.925,19730,3755,100.0,400,0.0,0.0,0.0,0.0,0.0,0.0,0.0,0.0,100.0,0.0,8.0,8.0,8.0,8.0,8.0
1203_02_03,1.202,0.277,0.925,19730,3755,100.0,500,0.0,0.0,0.0,0.0,0.0,0.0,0.0,5.0,95.0,0.0,7.95,8.0,8.0,8.0,8.0
1203_02_03,1.202,0.277,0.925,19730,3755,100.0,600,0.0,0.0,0.0,0.0,0.0,0.0,0.0,4.0,96.0,0.0,7.96,8.0,8.0,8.0,8.0
1203_02_03,1.202,0.277,0.925,19730,3755,100.0,700,0.0,0.0,0.0,0.0,0.0,0.0,0.0,3.0,97.0,0.0,7.97,8.0,8.0,8.0,8.0
1203_02_05,1.0,0.489,0.511,13710,25925,100.0,200,0.0,0.0,0.0,0.0,7.0,15.0,21.0,28.0,29.0,0.0,6.57,7.0,8.0,6.0,8.0
1203_02_05,1.0,0.489,0.511,13710,25925,100.0,300,0.0,0.0,0.0,0.0,24.0,23.0,18.0,18.0,17.0,0.0,5.81,6.0,4.0,5.0,7.0
1203_02_05,1.0,0.489,0.511,13710,25925,100.0,400,0.0,0.0,0.0,0.0,26.0,27.0,19.0,17.0,11.0,0.0,5.6,5.0,5.0,4.0,7.0
1203_02_05,1.0,0.489,0.511,13710,25925,100.0,500,0.0,0.0,0.0,5.0,26.0,26.0,18.0,15.0,10.0,0.0,5.42,5.0,4.0,4.0,6.25
1203_02_05,1.0,0.489,0.511,13710,25925,100.0,600,0.0,0.0,0.0,14.0,27.0,25.0,16.0,9.0,9.0,0.0,5.06,5.0,4.0,4.0,6.0
1203_02_05,1.0,0.489,0.511,13710,25925,100.0,700,0.0,0.0,0.0,22.0,30.0,26.0,9.0,7.0,6.0,0.0,4.67,4.0,4.0,4.0,5.0
1203_03_02,1.01,0.762,0.248,8650,340,100.0,200,0.0,0.0,0.0,0.0,0.0,2.0,5.0,3.0,90.0,0.0,7.81,8.0,8.0,8.0,8.0
1203_03_02,1.01,0.762,0.248,8650,340,100.0,300,0.0,0.0,0.0,0.0,0.0,1.0,6.0,1.0,92.0,0.0,7.84,8.0,8.0,8.0,8.0
1203_03_02,1.01,0.762,0.248,8650,340,100.0,400,0.0,0.0,0.0,0.0,0.0,2.0,13.0,4.0,81.0,0.0,7.64,8.0,8.0,8.0,8.0
1203_03_02,1.01,0.762,0.248,8650,340,100.0,500,0.0,0.0,0.0,0.0,0.0,2.0,3.0,3.0,92.0,0.0,7.85,8.0,8.0,8.0,8.0
1203_03_02,1.01,0.762,0.248,8650,340,100.0,600,0.0,0.0,0.0,0.0,0.0,12.0,5.0,7.0,76.0,0.0,7.47,8.0,8.0,8.0,8.0
1203_03_02,1.01,0.762,0.248,8650,340,100.0,700,0.0,0.0,0.0,0.0,0.0,7.0,5.0,5.0,83.0,0.0,7.64,8.0,8.0,8.0,8.0
1203_03_03,29.893,0.358,29.535,410,7945,100.0,200,0.0,0.0,33.0,25.0,24.0,10.0,1.0,2.0,5.0,0.0,3.47,3.0,2.0,2.0,4.0
1203_03_03,29.893,0.358,29.535,410,7945,100.0,300,0.0,50.0,30.0,12.0,6.0,1.0,1.0,0.0,0.0,0.0,1.81,1.5,1.0,1.0,2.0
1203_03_03,29.893,0.358,29.535,410,7945,100.0,400,0.0,49.0,33.0,8.0,6.0,2.0,1.0,1.0,0.0,0.0,1.86,2.0,1.0,1.0,2.0
1203_03_03,29.893,0.358,29.535,410,7945,100.0,500,50.0,20.0,18.0,6.0,4.0,1.0,1.0,0.0,0.0,0.0,1.01,0.5,0.0,0.0,2.0
1203_03_03,29.893,0.358,29.535,410,7945,100.0,600,45.0,31.0,12.0,2.0,6.0,1.0,1.0,2.0,0.0,0.0,1.1,1.0,0.0,0.0,1.0
1203_03_03,29.893,0.358,29.535,410,7945,100.0,700,51.0,18.0,14.0,9.0,3.0,2.0,1.0,1.0,1.0,0.0,1.16,0.0,0.0,0.0,2.0
1203_03_04,0.218,0.71,-0.492,567910,3555,100.0,200,0.0,0.0,29.0,26.0,17.0,7.0,3.0,3.0,15.0,0.0,3.98,3.0,2.0,2.0,5.0
1203_03_04,0.218,0.71,-0.492,567910,3555,100.0,300,0.0,0.0,26.0,20.0,10.0,5.0,9.0,8.0,22.0,0.0,4.63,4.0,2.0,2.0,7.0
1203_03_04,0.218,0.71,-0.492,567910,3555,100.0,400,0.0,0.0,26.0,13.0,13.0,9.0,5.0,3.0,31.0,0.0,4.87,4.0,8.0,2.0,8.0
1203_03_04,0.218,0.71,-0.492,567910,3555,100.0,500,0.0,0.0,21.0,22.0,8.0,10.0,4.0,11.0,24.0,0.0,4.83,4.0,8.0,3.0,7.0
1203_03_04,0.218,0.71,-0.492,567910,3555,100.0,600,0.0,0.0,9.0,23.0,6.0,15.0,6.0,6.0,35.0,0.0,5.44,5.0,8.0,3.0,8.0
1203_03_04,0.218,0.71,-0.492,567910,3555,100.0,700,0.0,0.0,12.0,18.0,12.0,6.0,9.0,4.0,39.0,0.0,5.5,6.0,8.0,3.0,8.0
1203_03_06,0.412,0.661,-0.249,26475,12950,100.0,200,0.0,27.0,34.0,23.0,11.0,4.0,0.0,1.0,0.0,0.0,2.35,2.0,2.0,1.0,3.0
1203_03_06,0.412,0.661,-0.249,26475,12950,100.0,300,0.0,19.0,49.0,12.0,10.0,4.0,3.0,1.0,2.0,0.0,2.54,2.0,2.0,2.0,3.0
1203_03_06,0.412,0.661,-0.249,26475,12950,100.0,400,0.0,19.0,48.0,14.0,11.0,4.0,3.0,0.0,1.0,0.0,2.47,2.0,2.0,2.0,3.0
1203_03_06,0.412,0.661,-0.249,26475,12950,100.0,500,0.0,0.0,39.0,28.0,15.0,6.0,6.0,5.0,1.0,0.0,3.31,3.0,2.0,2.0,4.0
1203_03_06,0.412,0.661,-0.249,26475,12950,100.0,600,0.0,0.0,50.0,27.0,15.0,3.0,2.0,0.0,3.0,0.0,2.92,2.5,2.0,2.0,3.0
1203_03_06,0.412,0.661,-0.249,26475,12950,100.0,700,0.0,0.0,39.0,31.0,12.0,6.0,6.0,3.0,3.0,0.0,3.3,3.0,2.0,2.0,4.0
1203_03_07,0.405,1.256,-0.851,29360,7140,100.0,200,48.0,21.0,7.0,11.0,10.0,1.0,1.0,0.0,1.0,0.0,1.27,1.0,0.0,0.0,2.0
1203_03_07,0.405,1.256,-0.851,29360,7140,100.0,300,0.0,41.0,32.0,12.0,6.0,6.0,1.0,1.0,1.0,0.0,2.16,2.0,1.0,1.0,3.0
1203_03_07,0.405,1.256,-0.851,29360,7140,100.0,400,0.0,44.0,32.0,16.0,1.0,4.0,2.0,0.0,1.0,0.0,2.0,2.0,1.0,1.0,2.0
1203_03_07,0.405,1.256,-0.851,29360,7140,100.0,500,0.0,49.0,26.0,10.0,6.0,5.0,3.0,0.0,1.0,0.0,2.06,2.0,1.0,1.0,2.25
1203_03_07,0.405,1.256,-0.851,29360,7140,100.0,600,0.0,51.0,28.0,12.0,5.0,2.0,1.0,0.0,1.0,0.0,1.87,1.0,1.0,1.0,2.0
1203_03_07,0.405,1.256,-0.851,29360,7140,100.0,700,0.0,53.0,24.0,11.0,8.0,3.0,0.0,0.0,1.0,0.0,1.89,1.0,1.0,1.0,2.0
1203_03_08,0.908,0.872,0.036,11950,10155,100.0,200,0.0,0.0,21.0,39.0,17.0,14.0,4.0,5.0,0.0,0.0,3.56,3.0,3.0,3.0,4.0
1203_03_08,0.908,0.872,0.036,11950,10155,100.0,300,0.0,0.0,25.0,39.0,20.0,11.0,1.0,2.0,2.0,0.0,3.38,3.0,3.0,2.75,4.0
1203_03_08,0.908,0.872,0.036,11950,10155,100.0,400,0.0,0.0,23.0,35.0,21.0,8.0,6.0,5.0,2.0,0.0,3.62,3.0,3.0,3.0,4.0
1203_03_08,0.908,0.872,0.036,11950,10155,100.0,500,0.0,0.0,31.0,35.0,18.0,8.0,3.0,3.0,2.0,0.0,3.34,3.0,3.0,2.0,4.0
1203_03_08,0.908,0.872,0.036,11950,10155,100.0,600,0.0,0.0,25.0,38.0,22.0,6.0,2.0,2.0,5.0,0.0,3.48,3.0,3.0,2.75,4.0
1203_03_08,0.908,0.872,0.036,11950,10155,100.0,700,0.0,0.0,28.0,42.0,12.0,12.0,2.0,2.0,2.0,0.0,3.32,3.0,3.0,2.0,4.0
c1203_1010_01,1.098,0.829,0.269,8185,9990,100.0,200,0.0,0.0,28.0,17.0,31.0,14.0,4.0,3.0,3.0,0.0,3.7,4.0,4.0,2.0,4.0
c1203_1010_01,1.098,0.829,0.269,8185,9990,100.0,300,0.0,0.0,22.0,43.0,16.0,10.0,7.0,1.0,1.0,0.0,3.44,3.0,3.0,3.0,4.0
c1203_1010_01,1.098,0.829,0.269,8185,9990,100.0,400,0.0,0.0,25.0,41.0,18.0,6.0,6.0,2.0,2.0,0.0,3.41,3.0,3.0,2.75,4.0
c1203_1010_01,1.098,0.829,0.269,8185,9990,100.0,500,0.0,0.0,25.0,44.0,15.0,9.0,4.0,2.0,1.0,0.0,3.33,3.0,3.0,2.75,4.0
c1203_1010_01,1.098,0.829,0.269,8185,9990,100.0,600,0.0,0.0,27.0,40.0,19.0,8.0,2.0,3.0,1.0,0.0,3.31,3.0,3.0,2.0,4.0
c1203_1010_01,1.098,0.829,0.269,8185,9990,100.0,700,0.0,0.0,25.0,42.0,15.0,5.0,5.0,4.0,4.0,0.0,3.51,3.0,3.0,2.75,4.0
c1203_1010_02,3.353,0.784,2.569,1225,155,100.0,200,0.0,0.0,0.0,0.0,6.0,20.0,19.0,25.0,30.0,0.0,6.53,7.0,8.0,5.0,8.0
c1203_1010_02,3.353,0.784,2.569,1225,155,100.0,300,0.0,0.0,0.0,0.0,36.0,21.0,19.0,10.0,14.0,0.0,5.45,5.0,4.0,4.0,6.0
c1203_1010_02,3.353,0.784,2.569,1225,155,100.0,400,0.0,0.0,0.0,13.0,36.0,31.0,12.0,5.0,3.0,0.0,4.69,5.0,4.0,4.0,5.0
c1203_1010_02,3.353,0.784,2.569,1225,155,100.0,500,0.0,0.0,0.0,35.0,18.0,15.0,15.0,7.0,10.0,0.0,4.71,4.0,3.0,3.0,6.0
c1203_1010_02,3.353,0.784,2.569,1225,155,100.0,600,0.0,0.0,0.0,49.0,27.0,11.0,9.0,0.0,4.0,0.0,3.96,4.0,3.0,3.0,4.0
c1203_1010_02,3.353,0.784,2.569,1225,155,100.0,700,0.0,0.0,11.0,48.0,23.0,10.0,3.0,1.0,4.0,0.0,3.65,3.0,3.0,3.0,4.0
c1203_1010_03,0.509,2.735,-2.226,32190,1055,100.0,200,0.0,47.0,26.0,11.0,2.0,2.0,2.0,0.0,10.0,0.0,2.42,2.0,1.0,1.0,3.0
c1203_1010_03,0.509,2.735,-2.226,32190,1055,100.0,300,0.0,51.0,14.0,11.0,7.0,1.0,3.0,2.0,11.0,0.0,2.65,1.0,1.0,1.0,3.0
c1203_1010_03,0.509,2.735,-2.226,32190,1055,100.0,400,0.0,25.0,29.0,11.0,4.0,3.0,3.0,3.0,22.0,0.0,3.62,2.0,2.0,1.75,6.25
c1203_1010_03,0.509,2.735,-2.226,32190,1055,100.0,500,0.0,26.0,22.0,6.0,13.0,7.0,5.0,1.0,20.0,0.0,3.72,3.0,1.0,1.0,6.0
c1203_1010_03,0.509,2.735,-2.226,32190,1055,100.0,600,0.0,20.0,15.0,10.0,14.0,3.0,10.0,2.0,26.0,0.0,4.33,4.0,8.0,2.0,8.0
c1203_1010_03,0.509,2.735,-2.226,32190,1055,100.0,700,0.0,26.0,14.0,15.0,8.0,4.0,2.0,1.0,30.0,0.0,4.1,3.0,8.0,1.0,8.0
c1203_1010_04,0.499,0.62,-0.121,39305,7830,100.0,200,0.0,0.0,11.0,20.0,17.0,16.0,9.0,17.0,10.0,0.0,4.83,5.0,3.0,3.0,7.0
c1203_1010_04,0.499,0.62,-0.121,39305,7830,100.0,300,0.0,0.0,11.0,17.0,12.0,15.0,14.0,14.0,17.0,0.0,5.14,5.0,3.0,3.0,7.0
c1203_1010_04,0.499,0.62,-0.121,39305,7830,100.0,400,0.0,0.0,13.0,22.0,10.0,7.0,8.0,13.0,27.0,0.0,5.22,5.0,8.0,3.0,8.0
c1203_1010_04,0.499,0.62,-0.121,39305,7830,100.0,500,0.0,0.0,13.0,18.0,16.0,11.0,15.0,13.0,14.0,0.0,4.92,5.0,3.0,3.0,7.0
c1203_1010_04,0.499,0.62,-0.121,39305,7830,100.0,600,0.0,0.0,6.0,19.0,11.0,14.0,15.0,10.0,25.0,0.0,5.43,5.5,8.0,3.75,7.25
c1203_1010_04,0.499,0.62,-0.121,39305,7830,100.0,700,0.0,0.0,9.0,22.0,18.0,7.0,14.0,13.0,17.0,0.0,5.02,5.0,3.0,3.0,7.0
c1203_1010_06,0.95,2.688,-1.738,13485,2015,100.0,200,0.0,50.0,21.0,14.0,8.0,1.0,1.0,0.0,5.0,0.0,2.17,1.5,1.0,1.0,3.0
c1203_1010_06,0.95,2.688,-1.738,13485,2015,100.0,300,0.0,52.0,18.0,11.0,4.0,8.0,1.0,1.0,5.0,0.0,2.3,1.0,1.0,1.0,3.0
c1203_1010_06,0.95,2.688,-1.738,13485,2015,100.0,400,0.0,45.0,36.0,5.0,4.0,2.0,1.0,3.0,4.0,0.0,2.17,2.0,1.0,1.0,2.0
c1203_1010_06,0.95,2.688,-1.738,13485,2015,100.0,500,0.0,52.0,24.0,4.0,0.0,4.0,3.0,4.0,9.0,0.0,2.5,1.0,1.0,1.0,2.0
c1203_1010_06,0.95,2.688,-1.738,13485,2015,100.0,600,0.0,22.0,28.0,19.0,8.0,3.0,0.0,3.0,17.0,0.0,3.39,2.5,2.0,2.0,4.0
c1203_1010_06,0.95,2.688,-1.738,13485,2015,100.0,700,0.0,34.0,26.0,11.0,3.0,5.0,2.0,3.0,16.0,0.0,3.17,2.0,1.0,1.0,5.0
c1203_1010_07,0.925,1.085,-0.16,8580,7230,100.0,200,0.0,25.0,36.0,20.0,12.0,6.0,1.0,0.0,0.0,0.0,2.41,2.0,2.0,1.75,3.0
c1203_1010_07,0.925,1.085,-0.16,8580,7230,100.0,300,0.0,27.0,41.0,21.0,7.0,2.0,1.0,0.0,1.0,0.0,2.24,2.0,2.0,1.0,3.0
c1203_1010_07,0.925,1.085,-0.16,8580,7230,100.0,400,0.0,25.0,29.0,18.0,15.0,6.0,5.0,1.0,1.0,0.0,2.72,2.0,2.0,1.75,4.0
c1203_1010_07,0.925,1.085,-0.16,8580,7230,100.0,500,0.0,27.0,36.0,12.0,13.0,7.0,3.0,0.0,2.0,0.0,2.56,2.0,2.0,1.0,3.25
c1203_1010_07,0.925,1.085,-0.16,8580,7230,100.0,600,0.0,30.0,31.0,21.0,11.0,3.0,2.0,1.0,1.0,0.0,2.41,2.0,2.0,1.0,3.0
c1203_1010_07,0.925,1.085,-0.16,8580,7230,100.0,700,0.0,22.0,36.0,21.0,10.0,5.0,2.0,4.0,0.0,0.0,2.62,2.0,2.0,2.0,3.0
c1203_1110_01,1.134,1.113,0.021,14745,6115,100.0,200,0.0,0.0,20.0,14.0,16.0,19.0,16.0,5.0,10.0,0.0,4.52,4.5,2.0,3.0,6.0
c1203_1110_01,1.134,1.113,0.021,14745,6115,100.0,300,0.0,0.0,24.0,9.0,23.0,9.0,19.0,6.0,10.0,0.0,4.48,4.0,2.0,3.0,6.0
c1203_1110_01,1.134,1.113,0.021,14745,6115,100.0,400,0.0,0.0,20.0,16.0,15.0,13.0,22.0,7.0,7.0,0.0,4.5,4.0,6.0,3.0,6.0
c1203_1110_01,1.134,1.113,0.021,14745,6115,100.0,500,0.0,0.0,23.0,13.0,23.0,14.0,14.0,6.0,7.0,0.0,4.29,4.0,2.0,3.0,6.0
c1203_1110_01,1.134,1.113,0.021,14745,6115,100.0,600,0.0,0.0,30.0,16.0,10.0,13.0,18.0,5.0,8.0,0.0,4.2,4.0,2.0,2.0,6.0
c1203_1110_01,1.134,1.113,0.021,14745,6115,100.0,700,0.0,0.0,24.0,11.0,19.0,23.0,13.0,3.0,7.0,0.0,4.27,4.0,2.0,3.0,5.0
c1203_1110_03,2.425,1.359,1.066,2460,1025,100.0,200,0.0,0.0,0.0,11.0,18.0,20.0,13.0,15.0,23.0,0.0,5.72,6.0,8.0,4.0,7.0
c1203_1110_03,2.425,1.359,1.066,2460,1025,100.0,300,0.0,0.0,0.0,26.0,15.0,30.0,14.0,6.0,9.0,0.0,4.86,5.0,5.0,3.0,6.0
c1203_1110_03,2.425,1.359,1.066,2460,1025,100.0,400,0.0,0.0,0.0,24.0,25.0,19.0,10.0,14.0,8.0,0.0,4.89,5.0,4.0,4.0,6.0
c1203_1110_03,2.425,1.359,1.066,2460,1025,100.0,500,0.0,0.0,0.0,32.0,25.0,24.0,9.0,3.0,7.0,0.0,4.47,4.0,3.0,3.0,5.0
c1203_1110_03,2.425,1.359,1.066,2460,1025,100.0,600,0.0,0.0,14.0,25.0,31.0,15.0,12.0,1.0,2.0,0.0,3.97,4.0,4.0,3.0,5.0
c1203_1110_03,2.425,1.359,1.066,2460,1025,100.0,700,0.0,0.0,27.0,15.0,30.0,15.0,4.0,3.0,6.0,0.0,3.87,4.0,4.0,2.0,5.0
c1203_1110_04,0.986,0.557,0.429,11485,14495,100.0,200,0.0,0.0,0.0,0.0,16.0,9.0,22.0,28.0,25.0,0.0,6.37,7.0,7.0,5.75,7.25
c1203_1110_04,0.986,0.557,0.429,11485,14495,100.0,300,0.0,0.0,0.0,12.0,21.0,26.0,19.0,13.0,9.0,0.0,5.27,5.0,5.0,4.0,6.0
c1203_1110_04,0.986,0.557,0.429,11485,14495,100.0,400,0.0,0.0,0.0,11.0,25.0,33.0,20.0,7.0,4.0,0.0,4.99,5.0,5.0,4.0,6.0
c1203_1110_04,0.986,0.557,0.429,11485,14495,100.0,500,0.0,0.0,0.0,22.0,29.0,26.0,10.0,7.0,6.0,0.0,4.69,4.0,4.0,4.0,5.0
c1203_1110_04,0.986,0.557,0.429,11485,14495,100.0,600,0.0,0.0,0.0,29.0,15.0,29.0,15.0,4.0,8.0,0.0,4.74,5.0,3.0,3.0,6.0
c1203_1110_04,0.986,0.557,0.429,11485,14495,100.0,700,0.0,0.0,0.0,21.0,34.0,29.0,8.0,3.0,5.0,0.0,4.53,4.0,4.0,4.0,5.0
c1203_1310_01,1.021,1.185,-0.164,14325,4775,100.0,200,0.0,0.0,23.0,37.0,17.0,7.0,3.0,5.0,8.0,0.0,3.77,3.0,3.0,3.0,4.0
c1203_1310_01,1.021,1.185,-0.164,14325,4775,100.0,300,0.0,0.0,28.0,9.0,26.0,14.0,9.0,5.0,9.0,0.0,4.18,4.0,2.0,2.0,5.0
c1203_1310_01,1.021,1.185,-0.164,14325,4775,100.0,400,0.0,0.0,31.0,15.0,17.0,14.0,10.0,4.0,9.0,0.0,4.05,4.0,2.0,2.0,5.0
c1203_1310_01,1.021,1.185,-0.164,14325,4775,100.0,500,0.0,0.0,29.0,22.0,17.0,7.0,10.0,4.0,11.0,0.0,4.03,3.0,2.0,2.0,5.25
c1203_1310_01,1.021,1.185,-0.164,14325,4775,100.0,600,0.0,0.0,20.0,15.0,16.0,18.0,8.0,9.0,14.0,0.0,4.62,4.0,2.0,3.0,6.0
c1203_1310_01,1.021,1.185,-0.164,14325,4775,100.0,700,0.0,0.0,27.0,11.0,23.0,9.0,7.0,9.0,14.0,0.0,4.41,4.0,2.0,2.0,6.0
c1203_1310_02,0.721,0.574,0.147,18950,30540,100.0,200,0.0,0.0,30.0,26.0,18.0,17.0,4.0,1.0,4.0,0.0,3.58,3.0,2.0,2.0,5.0
c1203_1310_02,0.721,0.574,0.147,18950,30540,100.0,300,0.0,0.0,25.0,36.0,23.0,10.0,1.0,2.0,3.0,0.0,3.44,3.0,3.0,2.75,4.0
c1203_1310_02,0.721,0.574,0.147,18950,30540,100.0,400,0.0,0.0,30.0,36.0,17.0,6.0,3.0,5.0,3.0,0.0,3.43,3.0,3.0,2.0,4.0
c1203_1310_02,0.721,0.574,0.147,18950,30540,100.0,500,0.0,0.0,19.0,47.0,21.0,7.0,2.0,3.0,1.0,0.0,3.39,3.0,3.0,3.0,4.0
c1203_1310_02,0.721,0.574,0.147,18950,30540,100.0,600,0.0,0.0,27.0,39.0,17.0,7.0,6.0,0.0,4.0,0.0,3.42,3.0,3.0,2.0,4.0
c1203_1310_02,0.721,0.574,0.147,18950,30540,100.0,700,0.0,0.0,25.0,38.0,21.0,9.0,3.0,3.0,1.0,0.0,3.4,3.0,3.0,2.75,4.0
c1203_1310_03,0.796,5264371.497,-5264370.701,10990,95,100.0,200,0.0,29.0,5.0,8.0,11.0,3.0,1.0,6.0,37.0,0.0,4.66,4.0,8.0,1.0,8.0
c1203_1310_03,0.796,5264371.497,-5264370.701,10990,95,100.0,300,0.0,0.0,9.0,12.0,5.0,2.0,4.0,3.0,65.0,0.0,6.49,8.0,8.0,4.0,8.0
c1203_1310_03,0.796,5264371.497,-5264370.701,10990,95,100.0,400,0.0,0.0,15.0,6.0,5.0,4.0,1.0,1.0,68.0,0.0,6.45,8.0,8.0,4.0,8.0
c1203_1310_03,0.796,5264371.497,-5264370.701,10990,95,100.0,500,0.0,0.0,9.0,7.0,4.0,2.0,3.0,0.0,75.0,0.0,6.83,8.0,8.0,7.5,8.0
c1203_1310_03,0.796,5264371.497,-5264370.701,10990,95,100.0,600,0.0,0.0,12.0,11.0,6.0,5.0,2.0,0.0,64.0,0.0,6.3,8.0,8.0,4.0,8.0
c1203_1310_03,0.796,5264371.497,-5264370.701,10990,95,100.0,700,0.0,0.0,0.0,8.0,7.0,2.0,4.0,1.0,78.0,0.0,7.17,8.0,8.0,8.0,8.0
c1203_1310_04,0.409,0.609,-0.2,132645,37885,100.0,200,0.0,0.0,48.0,30.0,9.0,4.0,3.0,4.0,2.0,0.0,3.04,3.0,2.0,2.0,3.0
c1203_1310_04,0.409,0.609,-0.2,132645,37885,100.0,300,0.0,0.0,58.0,18.0,10.0,8.0,2.0,2.0,2.0,0.0,2.92,2.0,2.0,2.0,3.0
c1203_1310_04,0.409,0.609,-0.2,132645,37885,100.0,400,0.0,0.0,30.0,37.0,21.0,4.0,3.0,2.0,3.0,0.0,3.31,3.0,3.0,2.0,4.0
c1203_1310_04,0.409,0.609,-0.2,132645,37885,100.0,500,0.0,0.0,38.0,29.0,14.0,9.0,8.0,2.0,0.0,0.0,3.26,3.0,2.0,2.0,4.0
c1203_1310_04,0.409,0.609,-0.2,132645,37885,100.0,600,0.0,0.0,40.0,37.0,10.0,7.0,0.0,3.0,3.0,0.0,3.11,3.0,2.0,2.0,3.0
c1203_1310_04,0.409,0.609,-0.2,132645,37885,100.0,700,0.0,0.0,24.0,42.0,18.0,3.0,6.0,5.0,2.0,0.0,3.48,3.0,3.0,3.0,4.0
c1203_1310_05,1.086,1.031,0.055,4700,8780,100.0,200,0.0,55.0,16.0,21.0,2.0,2.0,1.0,2.0,1.0,0.0,1.96,1.0,1.0,1.0,3.0
c1203_1310_05,1.086,1.031,0.055,4700,8780,100.0,300,0.0,40.0,30.0,15.0,8.0,6.0,0.0,0.0,1.0,0.0,2.15,2.0,1.0,1.0,3.0
c1203_1310_05,1.086,1.031,0.055,4700,8780,100.0,400,0.0,49.0,18.0,13.0,6.0,9.0,5.0,0.0,0.0,0.0,2.23,2.0,1.0,1.0,3.0
c1203_1310_05,1.086,1.031,0.055,4700,8780,100.0,500,0.0,54.0,24.0,10.0,6.0,3.0,2.0,0.0,1.0,0.0,1.91,1.0,1.0,1.0,2.0
c1203_1310_05,1.086,1.031,0.055,4700,8780,100.0,600,0.0,41.0,34.0,13.0,5.0,4.0,1.0,1.0,1.0,0.0,2.09,2.0,1.0,1.0,2.25
c1203_1310_05,1.086,1.031,0.055,4700,8780,100.0,700,0.0,46.0,31.0,15.0,4.0,3.0,0.0,1.0,0.0,0.0,1.91,2.0,1.0,1.0,2.0
c1203_1310_06,1.583,0.896,0.687,3390,1880,100.0,200,0.0,0.0,0.0,12.0,19.0,17.0,24.0,11.0,17.0,0.0,5.54,6.0,6.0,4.0,7.0
c1203_1310_06,1.583,0.896,0.687,3390,1880,100.0,300,0.0,0.0,0.0,21.0,19.0,20.0,18.0,7.0,15.0,0.0,5.16,5.0,3.0,4.0,6.0
c1203_1310_06,1.583,0.896,0.687,3390,1880,100.0,400,0.0,0.0,0.0,20.0,26.0,24.0,11.0,9.0,10.0,0.0,4.93,5.0,4.0,4.0,6.0
c1203_1310_06,1.583,0.896,0.687,3390,1880,100.0,500,0.0,0.0,0.0,31.0,19.0,25.0,17.0,6.0,2.0,0.0,4.54,4.5,3.0,3.0,5.25
c1203_1310_06,1.583,0.896,0.687,3390,1880,100.0,600,0.0,0.0,0.0,19.0,44.0,22.0,7.0,5.0,3.0,0.0,4.44,4.0,4.0,4.0,5.0
c1203_1310_06,1.583,0.896,0.687,3390,1880,100.0,700,0.0,0.0,0.0,28.0,33.0,15.0,12.0,7.0,5.0,0.0,4.52,4.0,4.0,3.0,5.0
c1203_1410_01,0.983,1.002,-0.019,10985,7855,100.0,200,0.0,0.0,33.0,30.0,13.0,14.0,6.0,3.0,1.0,0.0,3.43,3.0,2.0,2.0,4.0
c1203_1410_01,0.983,1.002,-0.019,10985,7855,100.0,300,0.0,0.0,30.0,34.0,16.0,12.0,6.0,1.0,1.0,0.0,3.37,3.0,3.0,2.0,4.0
c1203_1410_01,0.983,1.002,-0.019,10985,7855,100.0,400,0.0,0.0,25.0,41.0,15.0,6.0,6.0,5.0,2.0,0.0,3.5,3.0,3.0,2.75,4.0
c1203_1410_01,0.983,1.002,-0.019,10985,7855,100.0,500,0.0,0.0,30.0,38.0,19.0,8.0,2.0,1.0,2.0,0.0,3.25,3.0,3.0,2.0,4.0
c1203_1410_01,0.983,1.002,-0.019,10985,7855,100.0,600,0.0,0.0,23.0,35.0,23.0,9.0,5.0,3.0,2.0,0.0,3.55,3.0,3.0,3.0,4.0
c1203_1410_01,0.983,1.002,-0.019,10985,7855,100.0,700,0.0,0.0,17.0,45.0,19.0,8.0,4.0,2.0,5.0,0.0,3.63,3.0,3.0,3.0,4.0
c1203_1410_02,0.739,0.575,0.164,12110,21130,100.0,200,0.0,0.0,29.0,41.0,13.0,5.0,4.0,7.0,1.0,0.0,3.39,3.0,3.0,2.0,4.0
c1203_1410_02,0.739,0.575,0.164,12110,21130,100.0,300,0.0,0.0,15.0,42.0,25.0,14.0,2.0,0.0,2.0,0.0,3.54,3.0,3.0,3.0,4.0
c1203_1410_02,0.739,0.575,0.164,12110,21130,100.0,400,0.0,0.0,18.0,36.0,24.0,14.0,2.0,2.0,4.0,0.0,3.68,3.0,3.0,3.0,4.0
c1203_1410_02,0.739,0.575,0.164,12110,21130,100.0,500,0.0,0.0,22.0,44.0,17.0,9.0,4.0,3.0,1.0,0.0,3.42,3.0,3.0,3.0,4.0
c1203_1410_02,0.739,0.575,0.164,12110,21130,100.0,600,0.0,0.0,27.0,39.0,18.0,8.0,1.0,0.0,7.0,0.0,3.45,3.0,3.0,2.0,4.0
c1203_1410_02,0.739,0.575,0.164,12110,21130,100.0,700,0.0,0.0,29.0,39.0,14.0,9.0,4.0,3.0,2.0,0.0,3.37,3.0,3.0,2.0,4.0
c1203_1410_03,0.839,0.726,0.113,10250,635,100.0,200,0.0,0.0,0.0,0.0,9.0,0.0,8.0,6.0,77.0,0.0,7.42,8.0,8.0,8.0,8.0
c1203_1410_03,0.839,0.726,0.113,10250,635,100.0,300,0.0,0.0,0.0,0.0,6.0,3.0,12.0,6.0,73.0,0.0,7.37,8.0,8.0,7.0,8.0
c1203_1410_03,0.839,0.726,0.113,10250,635,100.0,400,0.0,0.0,0.0,0.0,4.0,2.0,7.0,4.0,83.0,0.0,7.6,8.0,8.0,8.0,8.0
c1203_1410_03,0.839,0.726,0.113,10250,635,100.0,500,0.0,0.0,0.0,0.0,4.0,3.0,13.0,7.0,73.0,0.0,7.42,8.0,8.0,7.0,8.0
c1203_1410_03,0.839,0.726,0.113,10250,635,100.0,600,0.0,0.0,0.0,0.0,5.0,10.0,7.0,4.0,74.0,0.0,7.32,8.0,8.0,7.0,8.0
c1203_1410_03,0.839,0.726,0.113,10250,635,100.0,700,0.0,0.0,0.0,0.0,13.0,10.0,6.0,2.0,69.0,0.0,7.04,8.0,8.0,6.0,8.0
c1203_1410_05,0.6,1.958,-1.358,13980,2380,100.0,200,0.0,54.0,28.0,9.0,5.0,2.0,0.0,1.0,1.0,0.0,1.82,1.0,1.0,1.0,2.0
c1203_1410_05,0.6,1.958,-1.358,13980,2380,100.0,300,0.0,44.0,27.0,16.0,4.0,1.0,2.0,1.0,5.0,0.0,2.26,2.0,1.0,1.0,3.0
c1203_1410_05,0.6,1.958,-1.358,13980,2380,100.0,400,0.0,47.0,28.0,15.0,1.0,2.0,0.0,2.0,5.0,0.0,2.16,2.0,1.0,1.0,2.25
c1203_1410_05,0.6,1.958,-1.358,13980,2380,100.0,500,0.0,55.0,24.0,8.0,5.0,2.0,1.0,1.0,4.0,0.0,2.02,1.0,1.0,1.0,2.0
c1203_1410_05,0.6,1.958,-1.358,13980,2380,100.0,600,0.0,42.0,21.0,10.0,10.0,1.0,6.0,5.0,5.0,0.0,2.7,2.0,1.0,1.0,4.0
c1203_1410_05,0.6,1.958,-1.358,13980,2380,100.0,700,0.0,23.0,29.0,18.0,8.0,0.0,4.0,1.0,17.0,0.0,3.34,2.0,2.0,2.0,4.0
